linkdir,access,access_delta,link,fr_edge_src,fr_edge_tgt,fr_dist_from_start,fr_dist_to_end,to_edge_src,to_edge_tgt,to_dist_from_start,to_dist_to_end,geographic_length_m,network_length_m,score,score_gravity,rank
/home/mwbc/ped-transit-data/networks/links_top250/link_id_1003,17104388291,1895085,1003,"VertexID(170601126, :node)","VertexID(5727456613, :node)",0,9,"VertexID(510706, :split)","VertexID(6329599960, :node)",35,25,7,0,75809.61141510695,13534.524138210034,154
/home/mwbc/ped-transit-data/networks/links_top250/link_id_10306,17103647730,1154524,10306,"VertexID(1849678146, :node)","VertexID(5904366866, :node)",3,0,"VertexID(510029, :split)","VertexID(3698122892, :node)",8,0,64,0,92653.68610513696,19815.722492192275,103
/home/mwbc/ped-transit-data/networks/links_top250/link_id_10364,17104009373,1516167,10364,"VertexID(170538823, :node)","VertexID(170538826, :node)",147,0,"VertexID(6139621871, :node)","VertexID(6139621872, :node)",0,6,49,0,65174.548111650955,6526.195805410261,210
/home/mwbc/ped-transit-data/networks/links_top250/link_id_10466,17102493206,0,10466,"VertexID(195711040, :node)","VertexID(9482544265, :node)",0,76,"VertexID(512142, :split)","VertexID(6342008560, :node)",26,101,9,0,75523.99038461546,13025.537739798217,157
/home/mwbc/ped-transit-data/networks/links_top250/link_id_10994,17103205437,712231,10994,"VertexID(512573, :split)","VertexID(6023795840, :node)",4,0,"VertexID(5585072388, :node)","VertexID(5585072389, :node)",10,0,97,0,203907.6219171456,32194.64114302084,17
/home/mwbc/ped-transit-data/networks/links_top250/link_id_11027,17102612528,119322,11027,"VertexID(1439360896, :node)","VertexID(6035134043, :node)",0,7,"VertexID(6223332513, :node)","VertexID(12881215228, :node)",0,40,90,0,80854.16614427707,18607.343893224835,136
/home/mwbc/ped-transit-data/networks/links_top250/link_id_11321,17103567877,1074671,11321,"VertexID(5954472055, :node)","VertexID(5954552357, :node)",71,33,"VertexID(9095195480, :node)","VertexID(13101896197, :node)",0,32,56,0,77105.75796480931,9156.769745719983,149
/home/mwbc/ped-transit-data/networks/links_top250/link_id_11729,17102614248,121042,11729,"VertexID(195410495, :node)","VertexID(195410499, :node)",2,47,"VertexID(195399165, :node)","VertexID(10825050370, :node)",23,104,86,0,69017.7226882292,7302.662628332295,184
/home/mwbc/ped-transit-data/networks/links_top250/link_id_12224,17102513514,20308,12224,"VertexID(1984399498, :node)","VertexID(1984399576, :node)",112,226,"VertexID(5159970620, :node)","VertexID(5159970626, :node)",71,0,84,0,115468.6149509974,10351.671904381483,68
/home/mwbc/ped-transit-data/networks/links_top250/link_id_12338,17113964491,11471285,12338,"VertexID(5482981933, :node)","VertexID(5939949473, :node)",31,0,"VertexID(6311780609, :node)","VertexID(6311780610, :node)",14,0,82,0,75882.02328978434,10816.388590845287,153
/home/mwbc/ped-transit-data/networks/links_top250/link_id_12351,17102561658,68452,12351,"VertexID(2677852586, :node)","VertexID(2677852587, :node)",91,78,"VertexID(7816866150, :node)","VertexID(9477063639, :node)",0,36,38,0,58855.14178184874,12441.920037421547,239
/home/mwbc/ped-transit-data/networks/links_top250/link_id_12378,17116431797,13938591,12378,"VertexID(2086689068, :node)","VertexID(7010998063, :node)",47,62,"VertexID(-5232, :node)","VertexID(7010998061, :node)",0,53,53,0,136163.68211920618,22652.75006057291,44
/home/mwbc/ped-transit-data/networks/links_top250/link_id_12723,17105466753,2973547,12723,"VertexID(195472641, :node)","VertexID(1215465761, :node)",0,27,"VertexID(6204659739, :node)","VertexID(6481532001, :node)",44,45,46,0,141592.37570285104,20070.478258175004,34
/home/mwbc/ped-transit-data/networks/links_top250/link_id_13073,17115540056,13046850,13073,"VertexID(2086689135, :node)","VertexID(7161031125, :node)",34,0,"VertexID(-5232, :node)","VertexID(7010998061, :node)",9,44,89,0,127489.7086092726,19094.864578408233,51
/home/mwbc/ped-transit-data/networks/links_top250/link_id_13230,17116879864,14386658,13230,"VertexID(513021, :split)","VertexID(10271037169, :node)",0,153,"VertexID(6311780585, :node)","VertexID(6311780590, :node)",44,13,99,0,85519.06599450196,10948.048814206857,121
/home/mwbc/ped-transit-data/networks/links_top250/link_id_13552,17103342736,849530,13552,"VertexID(2340857149, :node)","VertexID(5954552344, :node)",0,27,"VertexID(7144665892, :node)","VertexID(7144665893, :node)",31,0,95,0,58250.103578766284,5637.895945359314,244
/home/mwbc/ped-transit-data/networks/links_top250/link_id_14178,17102596565,103359,14178,"VertexID(510303, :split)","VertexID(172677266, :node)",53,0,"VertexID(4259469238, :node)","VertexID(4962711477, :node)",258,212,19,0,84126.49508565494,7802.828358137969,123
/home/mwbc/ped-transit-data/networks/links_top250/link_id_14221,17126545625,24052419,14221,"VertexID(1214350411, :node)","VertexID(1754043643, :node)",15,208,"VertexID(1854281737, :node)","VertexID(1854281752, :node)",12,0,73,0,70382.44402141628,9863.498574371188,175
/home/mwbc/ped-transit-data/networks/links_top250/link_id_14468,17105233346,2740140,14468,"VertexID(195399165, :node)","VertexID(10825050370, :node)",23,104,"VertexID(6403179208, :node)","VertexID(6403179211, :node)",0,99,73,0,70431.1822537521,7627.484296042344,174
/home/mwbc/ped-transit-data/networks/links_top250/link_id_14707,17102493206,0,14707,"VertexID(9482544264, :node)","VertexID(9482544265, :node)",0,88,"VertexID(512142, :split)","VertexID(6342008560, :node)",1,126,8,0,72798.44551282059,12472.555537262153,167
/home/mwbc/ped-transit-data/networks/links_top250/link_id_1526,17103201269,708063,1526,"VertexID(195682094, :node)","VertexID(195685471, :node)",41,0,"VertexID(13977332216, :node)","VertexID(13977332222, :node)",0,9,60,0,80005.25775494141,9647.453305186513,139
/home/mwbc/ped-transit-data/networks/links_top250/link_id_15505,17109285744,6792538,15505,"VertexID(511510, :split)","VertexID(6252048596, :node)",208,198,"VertexID(170718544, :node)","VertexID(7013296961, :node)",0,7,56,0,66558.22285073718,6864.029722841356,201
/home/mwbc/ped-transit-data/networks/links_top250/link_id_15582,17127524904,25031698,15582,"VertexID(6250736953, :node)","VertexID(6250736956, :node)",45,0,"VertexID(6970380585, :node)","VertexID(6970380632, :node)",18,155,33,0,82480.79741652418,13782.512845867423,131
/home/mwbc/ped-transit-data/networks/links_top250/link_id_16,17131942876,29449670,16,"VertexID(6088922095, :node)","VertexID(6088922099, :node)",19,37,"VertexID(6250736953, :node)","VertexID(6250736956, :node)",45,0,62,0,79607.44456098293,13646.375937317303,141
/home/mwbc/ped-transit-data/networks/links_top250/link_id_16811,17102729990,236784,16811,"VertexID(6239053332, :node)","VertexID(6239053406, :node)",8,11,"VertexID(195515724, :node)","VertexID(6270549632, :node)",0,7,20,0,82933.58170529715,8805.28960506152,129
/home/mwbc/ped-transit-data/networks/links_top250/link_id_17274,17102493206,0,17274,"VertexID(5911215578, :node)","VertexID(9482544257, :node)",65,84,"VertexID(195711699, :node)","VertexID(6342008553, :node)",0,8,82,0,67382.1217948718,10154.742017154951,195
/home/mwbc/ped-transit-data/networks/links_top250/link_id_17726,17104859610,2366404,17726,"VertexID(2402972660, :node)","VertexID(6311929894, :node)",0,31,"VertexID(2402972656, :node)","VertexID(2402972667, :node)",0,143,31,0,61895.71933640964,4760.566630985433,229
/home/mwbc/ped-transit-data/networks/links_top250/link_id_17822,17103070764,577558,17822,"VertexID(512179, :split)","VertexID(195624290, :node)",7,0,"VertexID(6240813672, :node)","VertexID(6240813675, :node)",0,35,49,0,130414.00794535904,17346.099478871045,48
/home/mwbc/ped-transit-data/networks/links_top250/link_id_18447,17102976996,483790,18447,"VertexID(1197033446, :node)","VertexID(10858268138, :node)",34,52,"VertexID(6988141250, :node)","VertexID(6988141251, :node)",12,0,12,0,437117.0248640834,55652.40405548444,3
/home/mwbc/ped-transit-data/networks/links_top250/link_id_1861,17102873417,380211,1861,"VertexID(195604163, :node)","VertexID(11847551571, :node)",0,59,"VertexID(3819591159, :node)","VertexID(6245848400, :node)",0,7,94,0,122268.63850230465,13602.457828336346,61
/home/mwbc/ped-transit-data/networks/links_top250/link_id_18618,17105095298,2602092,18618,"VertexID(172647755, :node)","VertexID(1992372585, :node)",143,8,"VertexID(324211329, :node)","VertexID(11047244827, :node)",49,74,61,0,83230.41446328696,6107.539578890984,128
/home/mwbc/ped-transit-data/networks/links_top250/link_id_18845,17102961424,468218,18845,"VertexID(6240218607, :node)","VertexID(6240218608, :node)",42,0,"VertexID(7111849425, :node)","VertexID(13903510441, :node)",59,130,84,0,90122.66479234275,15019.15665492478,109
/home/mwbc/ped-transit-data/networks/links_top250/link_id_18914,17103573795,1080589,18914,"VertexID(13533474737, :node)","VertexID(13533474744, :node)",221,8,"VertexID(6101752652, :node)","VertexID(6101752654, :node)",0,34,96,0,70288.5502415758,10255.98017648006,177
/home/mwbc/ped-transit-data/networks/links_top250/link_id_19120,17104062700,1569494,19120,"VertexID(4359442965, :node)","VertexID(4359442966, :node)",12,0,"VertexID(7191694119, :node)","VertexID(7191694125, :node)",17,20,63,0,295134.2382496055,26658.99408278101,6
/home/mwbc/ped-transit-data/networks/links_top250/link_id_19826,17113010740,10517534,19826,"VertexID(195394966, :node)","VertexID(1431908171, :node)",39,0,"VertexID(6570368775, :node)","VertexID(6570368777, :node)",0,50,55,0,81122.93087826158,9952.818070030353,135
/home/mwbc/ped-transit-data/networks/links_top250/link_id_20578,17102596859,103653,20578,"VertexID(510303, :split)","VertexID(172677266, :node)",53,0,"VertexID(4964898307, :node)","VertexID(5162123090, :node)",316,188,4,0,86167.75668302775,7950.171218982783,116
/home/mwbc/ped-transit-data/networks/links_top250/link_id_210,17102495134,1928,210,"VertexID(512573, :split)","VertexID(6023795838, :node)",10,0,"VertexID(11061633793, :node)","VertexID(11201090845, :node)",0,15,95,0,275800.26679766434,33349.651406335135,9
/home/mwbc/ped-transit-data/networks/links_top250/link_id_21094,17102865876,372670,21094,"VertexID(-1483, :node)","VertexID(2402972673, :node)",6,13,"VertexID(6311929911, :node)","VertexID(6311929912, :node)",77,0,80,0,70291.47230249523,6179.427820768893,176
/home/mwbc/ped-transit-data/networks/links_top250/link_id_21172,17102805710,312504,21172,"VertexID(2402972673, :node)","VertexID(2402972685, :node)",91,0,"VertexID(7147997367, :node)","VertexID(7678504022, :node)",45,27,59,0,76414.84883614669,6448.878333598473,152
/home/mwbc/ped-transit-data/networks/links_top250/link_id_2122,17104431276,1938070,2122,"VertexID(512573, :split)","VertexID(6023795840, :node)",4,0,"VertexID(2076568836, :node)","VertexID(11119887913, :node)",54,2,1,0,292308.1528522261,50995.71668357475,7
/home/mwbc/ped-transit-data/networks/links_top250/link_id_21685,17104611448,2118242,21685,"VertexID(195501760, :node)","VertexID(1215465788, :node)",0,17,"VertexID(512141, :split)","VertexID(6342008527, :node)",68,57,8,0,146742.15768093403,22233.361831132468,31
/home/mwbc/ped-transit-data/networks/links_top250/link_id_22253,17113242623,10749417,22253,"VertexID(1597119002, :node)","VertexID(1597119081, :node)",0,110,"VertexID(6970589943, :node)","VertexID(6970589960, :node)",111,25,97,0,137847.21347843343,15972.047400601534,41
/home/mwbc/ped-transit-data/networks/links_top250/link_id_22595,17102494943,1737,22595,"VertexID(513065, :split)","VertexID(6239053288, :node)",56,66,"VertexID(6270549628, :node)","VertexID(6270549631, :node)",47,0,77,0,84053.81717917361,9304.53985921972,125
/home/mwbc/ped-transit-data/networks/links_top250/link_id_22874,17102608054,114848,22874,"VertexID(1439360896, :node)","VertexID(7014604702, :node)",58,202,"VertexID(6223332513, :node)","VertexID(12881215228, :node)",0,40,69,0,57117.37040193622,13522.45951490838,248
/home/mwbc/ped-transit-data/networks/links_top250/link_id_23652,17102493206,0,23652,"VertexID(1984399498, :node)","VertexID(1984399576, :node)",73,265,"VertexID(13572110435, :node)","VertexID(13572110442, :node)",0,111,67,0,106983.40117233185,9815.330245296547,81
/home/mwbc/ped-transit-data/networks/links_top250/link_id_24153,17102569486,76280,24153,"VertexID(6245848407, :node)","VertexID(13039625831, :node)",96,0,"VertexID(6533039736, :node)","VertexID(6533039737, :node)",6,13,23,0,149014.11241434162,17283.45686736713,27
/home/mwbc/ped-transit-data/networks/links_top250/link_id_24680,17172631959,70138753,24680,"VertexID(170534021, :node)","VertexID(170572093, :node)",26,0,"VertexID(6201758029, :node)","VertexID(6201758031, :node)",0,46,71,0,123499.80970565093,13459.441024025304,58
/home/mwbc/ped-transit-data/networks/links_top250/link_id_25570,17105130645,2637439,25570,"VertexID(1992372585, :node)","VertexID(5916005186, :node)",65,50,"VertexID(11047244827, :node)","VertexID(11047244844, :node)",0,102,76,0,73318.19235907163,4908.786974909715,164
/home/mwbc/ped-transit-data/networks/links_top250/link_id_26135,17102919251,426045,26135,"VertexID(195682096, :node)","VertexID(195704706, :node)",67,0,"VertexID(195547557, :node)","VertexID(13025437417, :node)",0,9,32,0,80425.80152080834,9280.225700831415,138
/home/mwbc/ped-transit-data/networks/links_top250/link_id_2622,17103442025,948819,2622,"VertexID(512573, :split)","VertexID(6023795838, :node)",0,10,"VertexID(2076568836, :node)","VertexID(11134869837, :node)",0,3,54,0,269872.22241187276,42344.21402950368,10
/home/mwbc/ped-transit-data/networks/links_top250/link_id_26305,17102805710,312504,26305,"VertexID(2402972673, :node)","VertexID(2402972685, :node)",73,18,"VertexID(7678504021, :node)","VertexID(7678504022, :node)",0,36,30,0,76731.76187682342,6453.356570556535,150
/home/mwbc/ped-transit-data/networks/links_top250/link_id_26372,17103741497,1248291,26372,"VertexID(195682094, :node)","VertexID(195685471, :node)",41,0,"VertexID(195751949, :node)","VertexID(10073490933, :node)",0,55,69,0,85739.52864354388,8641.07282252949,119
/home/mwbc/ped-transit-data/networks/links_top250/link_id_26446,17102493206,0,26446,"VertexID(170626105, :node)","VertexID(2477945158, :node)",0,11,"VertexID(6314512172, :node)","VertexID(6314512371, :node)",22,41,9,0,66518.05185202308,9894.756327428948,203
/home/mwbc/ped-transit-data/networks/links_top250/link_id_26455,17105290303,2797097,26455,"VertexID(541197647, :node)","VertexID(2549076110, :node)",36,37,"VertexID(6371349210, :node)","VertexID(6371349295, :node)",0,6,88,0,60036.95333976374,6827.010728161877,234
/home/mwbc/ped-transit-data/networks/links_top250/link_id_26456,17102893381,400175,26456,"VertexID(3643186275, :node)","VertexID(11282460952, :node)",0,19,"VertexID(6023862174, :node)","VertexID(7306576631, :node)",72,137,20,0,75627.9932265306,7679.9996650863795,156
/home/mwbc/ped-transit-data/networks/links_top250/link_id_26775,17104123358,1630152,26775,"VertexID(1992384461, :node)","VertexID(1992384470, :node)",19,0,"VertexID(5558169511, :node)","VertexID(5923182286, :node)",17,10,48,0,68364.00822196613,7091.131399466809,190
/home/mwbc/ped-transit-data/networks/links_top250/link_id_27053,17104004934,1511728,27053,"VertexID(9022156490, :node)","VertexID(9022156498, :node)",90,128,"VertexID(7013155002, :node)","VertexID(7013155005, :node)",91,0,85,0,61660.27888183237,4061.203113619733,231
/home/mwbc/ped-transit-data/networks/links_top250/link_id_2709,17102493206,0,2709,"VertexID(3480397699, :node)","VertexID(7161503145, :node)",39,18,"VertexID(6184639482, :node)","VertexID(6184643450, :node)",43,0,78,0,64542.33894736851,5837.187054262036,213
/home/mwbc/ped-transit-data/networks/links_top250/link_id_27734,17125708444,23215238,27734,"VertexID(195398902, :node)","VertexID(6110164336, :node)",0,9,"VertexID(195398901, :node)","VertexID(13041308721, :node)",0,12,21,0,174138.47823626845,22019.848070320586,19
/home/mwbc/ped-transit-data/networks/links_top250/link_id_27746,17106031115,3537909,27746,"VertexID(510204, :split)","VertexID(566656830, :node)",0,1,"VertexID(172644089, :node)","VertexID(1256291534, :node)",0,75,55,0,70861.5150278463,9281.782350989146,171
/home/mwbc/ped-transit-data/networks/links_top250/link_id_27800,17113465786,10972580,27800,"VertexID(-70, :node)","VertexID(170588183, :node)",26,41,"VertexID(170621399, :node)","VertexID(6688348535, :node)",11,34,87,0,59878.79579630898,4472.8121537770885,235
/home/mwbc/ped-transit-data/networks/links_top250/link_id_28200,17102796153,302947,28200,"VertexID(170669043, :node)","VertexID(5572530475, :node)",9,38,"VertexID(1595792569, :node)","VertexID(2641578593, :node)",16,56,66,0,62286.63972676733,10582.056208522783,226
/home/mwbc/ped-transit-data/networks/links_top250/link_id_28613,17103684321,1191115,28613,"VertexID(1849678159, :node)","VertexID(3698122899, :node)",67,4,"VertexID(510029, :split)","VertexID(3698122892, :node)",8,0,20,0,104096.51595243317,26201.456269124006,90
/home/mwbc/ped-transit-data/networks/links_top250/link_id_28884,17102515375,22169,28884,"VertexID(6239053286, :node)","VertexID(13048561980, :node)",0,6,"VertexID(195515724, :node)","VertexID(6270549632, :node)",0,7,99,0,68731.38424672677,5788.7257356651735,186
/home/mwbc/ped-transit-data/networks/links_top250/link_id_29125,17104144510,1651304,29125,"VertexID(2065472326, :node)","VertexID(6023795839, :node)",0,20,"VertexID(512573, :split)","VertexID(6023795838, :node)",10,0,4,0,255083.7788121877,46328.2373368441,11
/home/mwbc/ped-transit-data/networks/links_top250/link_id_29427,17102851253,358047,29427,"VertexID(7011324468, :node)","VertexID(7011324472, :node)",69,0,"VertexID(11186562214, :node)","VertexID(11186562215, :node)",8,0,97,0,110150.38733943921,7669.194136388828,80
/home/mwbc/ped-transit-data/networks/links_top250/link_id_29463,17157703095,55209889,29463,"VertexID(170534021, :node)","VertexID(170572093, :node)",26,0,"VertexID(300036919, :node)","VertexID(300036945, :node)",88,0,68,0,112064.23569532386,11404.55763021473,74
/home/mwbc/ped-transit-data/networks/links_top250/link_id_29658,17104362115,1868909,29658,"VertexID(195419952, :node)","VertexID(195429395, :node)",127,62,"VertexID(-664, :node)","VertexID(1215465786, :node)",6,23,75,0,78264.59747411241,9735.053036221418,147
/home/mwbc/ped-transit-data/networks/links_top250/link_id_29888,17102493206,0,29888,"VertexID(1984399498, :node)","VertexID(1984399576, :node)",61,277,"VertexID(5312739567, :node)","VertexID(5312739568, :node)",0,47,97,0,90850.94306857209,8709.128388181689,106
/home/mwbc/ped-transit-data/networks/links_top250/link_id_29956,17102878747,385541,29956,"VertexID(513065, :split)","VertexID(6682291799, :node)",93,282,"VertexID(6270531484, :node)","VertexID(6270531485, :node)",0,7,19,0,79202.69228097209,8893.68682518041,144
/home/mwbc/ped-transit-data/networks/links_top250/link_id_29957,17112503007,10009801,29957,"VertexID(195507112, :node)","VertexID(195652212, :node)",0,77,"VertexID(1757855228, :node)","VertexID(6342176135, :node)",0,12,93,0,95619.66606453958,10839.21808190551,101
/home/mwbc/ped-transit-data/networks/links_top250/link_id_30054,17103803766,1310560,30054,"VertexID(621456495, :node)","VertexID(6240813668, :node)",0,8,"VertexID(6533039727, :node)","VertexID(6533039728, :node)",12,0,23,0,166009.30061606417,21043.12663695966,22
/home/mwbc/ped-transit-data/networks/links_top250/link_id_30138,17102493305,99,30138,"VertexID(170581129, :node)","VertexID(6373865524, :node)",134,42,"VertexID(510885, :island)","VertexID(510886, :island)",0,0,79,0,62180.48188201791,8929.90832264873,228
/home/mwbc/ped-transit-data/networks/links_top250/link_id_30281,17189404050,86910844,30281,"VertexID(300037002, :node)","VertexID(300037054, :node)",50,0,"VertexID(6119788388, :node)","VertexID(6310652420, :node)",0,7,97,0,98054.69721257934,13916.925868333257,96
/home/mwbc/ped-transit-data/networks/links_top250/link_id_30667,17105633188,3139982,30667,"VertexID(5159970592, :node)","VertexID(12339802150, :node)",58,0,"VertexID(10722200856, :node)","VertexID(11261663914, :node)",135,363,14,0,115056.79825211839,8237.723636909339,69
/home/mwbc/ped-transit-data/networks/links_top250/link_id_30717,17102506484,13278,30717,"VertexID(1981867924, :node)","VertexID(6239053287, :node)",0,8,"VertexID(6239053295, :node)","VertexID(6239053300, :node)",127,99,18,0,85990.6654151169,9276.83857949407,117
/home/mwbc/ped-transit-data/networks/links_top250/link_id_30773,17104349633,1856427,30773,"VertexID(510706, :split)","VertexID(6329599960, :node)",60,0,"VertexID(6329599589, :node)","VertexID(6624430188, :node)",5,0,23,0,65358.0221350585,11638.627590599397,209
/home/mwbc/ped-transit-data/networks/links_top250/link_id_31086,17102632848,139642,31086,"VertexID(172735649, :node)","VertexID(7949796923, :node)",46,0,"VertexID(1984399527, :node)","VertexID(4962923485, :node)",0,11,92,0,62790.72798583848,5773.403891324799,222
/home/mwbc/ped-transit-data/networks/links_top250/link_id_31665,17104783397,2290191,31665,"VertexID(5311174912, :node)","VertexID(5311174913, :node)",0,171,"VertexID(5558169511, :node)","VertexID(8063671683, :node)",0,19,57,0,68596.86550793426,7269.681191328169,188
/home/mwbc/ped-transit-data/networks/links_top250/link_id_32257,17103098417,605211,32257,"VertexID(1804179823, :node)","VertexID(6507351961, :node)",66,0,"VertexID(4359442965, :node)","VertexID(4359442966, :node)",12,0,93,0,239934.57542032676,21409.24010081908,13
/home/mwbc/ped-transit-data/networks/links_top250/link_id_3229,17104287354,1794148,3229,"VertexID(6240219155, :node)","VertexID(6240219157, :node)",0,31,"VertexID(7111849425, :node)","VertexID(13903510441, :node)",59,130,86,0,95731.60323468881,15768.406691000268,100
/home/mwbc/ped-transit-data/networks/links_top250/link_id_32569,17102507796,14590,32569,"VertexID(10073481717, :node)","VertexID(10073481719, :node)",0,52,"VertexID(6245848407, :node)","VertexID(13039625831, :node)",96,0,100,0,98967.20804110833,9086.09203533388,95
/home/mwbc/ped-transit-data/networks/links_top250/link_id_32688,17113949877,11456671,32688,"VertexID(6124284140, :node)","VertexID(6124284147, :node)",49,66,"VertexID(6311780591, :node)","VertexID(6311780593, :node)",0,96,46,0,64445.529984488465,8520.051120980508,214
/home/mwbc/ped-transit-data/networks/links_top250/link_id_32793,17102569486,76280,32793,"VertexID(6245848407, :node)","VertexID(13039625831, :node)",96,0,"VertexID(6533039735, :node)","VertexID(6533039738, :node)",6,13,3,0,149014.11241434162,17303.589071614944,27
/home/mwbc/ped-transit-data/networks/links_top250/link_id_32851,17104322690,1829484,32851,"VertexID(2524302634, :node)","VertexID(3999336787, :node)",121,48,"VertexID(5159970592, :node)","VertexID(12339802150, :node)",58,0,87,0,138954.0532992634,10466.564271235658,38
/home/mwbc/ped-transit-data/networks/links_top250/link_id_32982,17106142199,3648993,32982,"VertexID(195567451, :node)","VertexID(195627233, :node)",47,84,"VertexID(4218382348, :node)","VertexID(4218382374, :node)",44,49,87,0,114425.16148695198,10690.62694376647,71
/home/mwbc/ped-transit-data/networks/links_top250/link_id_33067,17104280381,1787175,33067,"VertexID(1992384461, :node)","VertexID(5314263417, :node)",0,78,"VertexID(5558169511, :node)","VertexID(5923182286, :node)",1,26,49,0,70641.09881038943,7556.9995267695085,172
/home/mwbc/ped-transit-data/networks/links_top250/link_id_33317,17102688618,195412,33317,"VertexID(1325576616, :node)","VertexID(6245848405, :node)",6,0,"VertexID(195604163, :node)","VertexID(11847551571, :node)",0,59,75,0,112990.4192012126,12359.73061946523,72
/home/mwbc/ped-transit-data/networks/links_top250/link_id_33340,17112739979,10246773,33340,"VertexID(2086689071, :node)","VertexID(7161031126, :node)",33,0,"VertexID(2086689034, :node)","VertexID(2086689102, :node)",232,73,81,0,139538.86092715326,15223.394828650644,37
/home/mwbc/ped-transit-data/networks/links_top250/link_id_33754,17107030983,4537777,33754,"VertexID(512626, :split)","VertexID(195472641, :node)",0,28,"VertexID(6204659705, :node)","VertexID(6481531996, :node)",59,74,19,0,147868.87060986587,23683.326986555494,29
/home/mwbc/ped-transit-data/networks/links_top250/link_id_33885,17102922755,429549,33885,"VertexID(512573, :split)","VertexID(6023795840, :node)",4,0,"VertexID(2069161628, :node)","VertexID(2076568814, :node)",12,0,57,0,222317.89077645645,37551.290318662475,15
/home/mwbc/ped-transit-data/networks/links_top250/link_id_33904,17102814581,321375,33904,"VertexID(172644089, :node)","VertexID(1256291534, :node)",22,53,"VertexID(562434692, :node)","VertexID(7810005995, :node)",46,38,6,0,63651.050537050454,9313.276205851953,218
/home/mwbc/ped-transit-data/networks/links_top250/link_id_33971,17113286270,10793064,33971,"VertexID(2086689068, :node)","VertexID(7010998063, :node)",52,57,"VertexID(6956981905, :node)","VertexID(6956981909, :node)",76,13,68,0,138925.19205298106,18916.355161619565,39
/home/mwbc/ped-transit-data/networks/links_top250/link_id_3399,17102652101,158895,3399,"VertexID(3698122864, :node)","VertexID(3698122880, :node)",56,20,"VertexID(1439360896, :node)","VertexID(6035134043, :node)",0,7,44,0,104278.79662053901,31741.465663032337,88
/home/mwbc/ped-transit-data/networks/links_top250/link_id_3412,17102669114,175908,3412,"VertexID(172713733, :node)","VertexID(2702958474, :node)",0,75,"VertexID(2677852586, :node)","VertexID(2677852587, :node)",91,78,87,0,67357.5753103995,7030.495527782332,196
/home/mwbc/ped-transit-data/networks/links_top250/link_id_34147,17105317481,2824275,34147,"VertexID(12519666079, :node)","VertexID(12519666084, :node)",94,0,"VertexID(12984678577, :node)","VertexID(12984678578, :node)",0,15,48,0,67180.09283819635,7350.853082011175,198
/home/mwbc/ped-transit-data/networks/links_top250/link_id_34938,17103647418,1154212,34938,"VertexID(7094725228, :node)","VertexID(7094725230, :node)",55,0,"VertexID(2524302634, :node)","VertexID(11186562210, :node)",17,0,84,0,123122.09550931067,10680.037299536085,60
/home/mwbc/ped-transit-data/networks/links_top250/link_id_35128,17105173296,2680090,35128,"VertexID(2402972656, :node)","VertexID(2402972667, :node)",83,60,"VertexID(6311929897, :node)","VertexID(6311929898, :node)",0,50,94,0,75717.5107603017,6717.25780363661,155
/home/mwbc/ped-transit-data/networks/links_top250/link_id_35130,17102493206,0,35130,"VertexID(6184643471, :node)","VertexID(7161503134, :node)",16,58,"VertexID(6184643455, :node)","VertexID(6654397996, :node)",0,45,70,0,73213.8147368423,7907.684370327327,166
/home/mwbc/ped-transit-data/networks/links_top250/link_id_3557,17102734304,241098,3557,"VertexID(6186665465, :node)","VertexID(6186665468, :node)",0,25,"VertexID(6801817771, :node)","VertexID(6801817772, :node)",0,7,72,0,69812.24461663145,8697.183945061464,179
/home/mwbc/ped-transit-data/networks/links_top250/link_id_35661,17102652199,158993,35661,"VertexID(3698122864, :node)","VertexID(3698122880, :node)",56,20,"VertexID(1439360896, :node)","VertexID(7014604702, :node)",15,245,42,0,98023.18968804629,29525.048589587273,97
/home/mwbc/ped-transit-data/networks/links_top250/link_id_35717,17102737021,243815,35717,"VertexID(6801817771, :node)","VertexID(6801817772, :node)",0,7,"VertexID(6481073060, :node)","VertexID(13101881710, :node)",20,30,46,0,62381.98312726913,7220.92478883772,224
/home/mwbc/ped-transit-data/networks/links_top250/link_id_36036,17102638883,145677,36036,"VertexID(11125658851, :node)","VertexID(11125658854, :node)",0,6,"VertexID(510975, :island)","VertexID(510976, :island)",0,0,50,0,58367.42545588361,9279.27666152962,243
/home/mwbc/ped-transit-data/networks/links_top250/link_id_36252,17102815153,321947,36252,"VertexID(509861, :split)","VertexID(2694031271, :node)",7,0,"VertexID(510226, :split)","VertexID(566657819, :node)",0,95,7,0,69709.94125005005,11275.593928114076,180
/home/mwbc/ped-transit-data/networks/links_top250/link_id_36289,17102522966,29760,36289,"VertexID(172656169, :node)","VertexID(6001193872, :node)",0,60,"VertexID(510446, :split)","VertexID(6020048524, :node)",29,28,6,0,67587.15487426562,16642.983880778622,193
/home/mwbc/ped-transit-data/networks/links_top250/link_id_36538,17102618974,125768,36538,"VertexID(172735649, :node)","VertexID(7949796923, :node)",46,0,"VertexID(4962922481, :node)","VertexID(5115917339, :node)",1,64,80,0,57987.09655616287,5135.833798701635,245
/home/mwbc/ped-transit-data/networks/links_top250/link_id_36586,17103076497,583291,36586,"VertexID(170669043, :node)","VertexID(5572530475, :node)",47,0,"VertexID(511506, :split)","VertexID(2641578592, :node)",2,0,52,0,60572.00951488069,10652.967606924482,232
/home/mwbc/ped-transit-data/networks/links_top250/link_id_3672,17103576617,1083411,3672,"VertexID(1147562325, :node)","VertexID(1264922295, :node)",0,62,"VertexID(13533474737, :node)","VertexID(13533474744, :node)",221,8,72,0,74203.9602995261,11995.5342848645,161
/home/mwbc/ped-transit-data/networks/links_top250/link_id_36731,17104053710,1560504,36731,"VertexID(195419948, :node)","VertexID(6342008535, :node)",0,8,"VertexID(6202720005, :node)","VertexID(6202720010, :node)",61,20,51,0,112047.07209913286,16581.781764080773,75
/home/mwbc/ped-transit-data/networks/links_top250/link_id_36833,17180112114,77618908,36833,"VertexID(170534021, :node)","VertexID(6119788388, :node)",118,5,"VertexID(6201758013, :node)","VertexID(6201758037, :node)",43,0,73,0,105414.40528020095,14457.538850567953,84
/home/mwbc/ped-transit-data/networks/links_top250/link_id_37625,17172672213,70179007,37625,"VertexID(170534021, :node)","VertexID(170572093, :node)",26,0,"VertexID(300036950, :node)","VertexID(300036992, :node)",52,0,69,0,124881.78552904133,13831.125005889058,56
/home/mwbc/ped-transit-data/networks/links_top250/link_id_37957,17107116638,4623432,37957,"VertexID(6204443079, :node)","VertexID(7094725233, :node)",44,0,"VertexID(6815708606, :node)","VertexID(11186562216, :node)",128,21,71,0,88219.15522558181,7959.436828783479,111
/home/mwbc/ped-transit-data/networks/links_top250/link_id_38236,17111732425,9239219,38236,"VertexID(170654684, :node)","VertexID(1145624165, :node)",47,40,"VertexID(2865132011, :node)","VertexID(2865132012, :node)",0,31,50,0,125804.80445492695,10124.205235795616,54
/home/mwbc/ped-transit-data/networks/links_top250/link_id_38978,17167915398,65422192,38978,"VertexID(170534021, :node)","VertexID(6119788388, :node)",123,0,"VertexID(9789346673, :node)","VertexID(9789346674, :node)",0,45,76,0,102473.59305989112,14231.20702996148,92
/home/mwbc/ped-transit-data/networks/links_top250/link_id_39418,17102493206,0,39418,"VertexID(3698122864, :node)","VertexID(3698122880, :node)",56,20,"VertexID(10700354676, :node)","VertexID(10700354677, :node)",0,31,87,0,66965.64944324302,19759.609322863318,199
/home/mwbc/ped-transit-data/networks/links_top250/link_id_39945,17102643729,150523,39945,"VertexID(170730770, :node)","VertexID(13807912811, :node)",19,77,"VertexID(13386397789, :node)","VertexID(13386397790, :node)",11,0,8,0,97078.51751366201,14746.317558521605,98
/home/mwbc/ped-transit-data/networks/links_top250/link_id_39981,17103037934,544728,39981,"VertexID(170694062, :node)","VertexID(170694069, :node)",21,0,"VertexID(6652392283, :node)","VertexID(10937933325, :node)",304,45,39,0,62366.60739909703,4758.3244739082365,225
/home/mwbc/ped-transit-data/networks/links_top250/link_id_4010,17102568314,75108,4010,"VertexID(10303510439, :node)","VertexID(10303510443, :node)",109,141,"VertexID(6240219155, :node)","VertexID(6240219157, :node)",0,31,79,0,76489.57102003707,10068.320959671615,151
/home/mwbc/ped-transit-data/networks/links_top250/link_id_40396,17125546891,23053685,40396,"VertexID(512046, :split)","VertexID(6110164349, :node)",0,30,"VertexID(6970589926, :node)","VertexID(6970589941, :node)",0,88,70,0,111597.50911030121,19768.268138534662,76
/home/mwbc/ped-transit-data/networks/links_top250/link_id_41026,17102493206,0,41026,"VertexID(170516230, :node)","VertexID(170743320, :node)",202,33,"VertexID(3366622234, :node)","VertexID(6184643453, :node)",0,9,50,0,63937.728421052736,5011.987341760009,216
/home/mwbc/ped-transit-data/networks/links_top250/link_id_41380,17103010852,517646,41380,"VertexID(195682094, :node)","VertexID(195685471, :node)",41,0,"VertexID(6240813681, :node)","VertexID(6240814891, :node)",8,0,22,0,106892.4500056225,13345.369533907573,82
/home/mwbc/ped-transit-data/networks/links_top250/link_id_41693,17109605624,7112418,41693,"VertexID(513021, :split)","VertexID(10271037169, :node)",46,107,"VertexID(6311780591, :node)","VertexID(6311780593, :node)",0,96,13,0,67294.80156350374,9014.671589525293,197
/home/mwbc/ped-transit-data/networks/links_top250/link_id_41781,17110466831,7973625,41781,"VertexID(2086689071, :node)","VertexID(7161031126, :node)",33,0,"VertexID(6956981905, :node)","VertexID(6956981909, :node)",89,0,81,0,118973.08609271614,13809.564428581258,66
/home/mwbc/ped-transit-data/networks/links_top250/link_id_41914,17102493206,0,41914,"VertexID(7161503134, :node)","VertexID(7161503145, :node)",41,56,"VertexID(6184643455, :node)","VertexID(6654397996, :node)",0,45,71,0,65510.33684210535,6096.872981005343,206
/home/mwbc/ped-transit-data/networks/links_top250/link_id_42078,17102977625,484419,42078,"VertexID(11429696798, :node)","VertexID(13910274850, :node)",0,12,"VertexID(6988141250, :node)","VertexID(6988141251, :node)",12,0,70,0,277244.8138748149,37480.88366856291,8
/home/mwbc/ped-transit-data/networks/links_top250/link_id_42170,17102506484,13278,42170,"VertexID(5902073439, :node)","VertexID(6239053329, :node)",0,6,"VertexID(6239053301, :node)","VertexID(6239053307, :node)",87,63,19,0,63747.905945287835,6229.02402772311,217
/home/mwbc/ped-transit-data/networks/links_top250/link_id_42612,17103545722,1052516,42612,"VertexID(5954472055, :node)","VertexID(5954552357, :node)",40,64,"VertexID(6886132291, :node)","VertexID(6886132292, :node)",0,5,60,0,78778.85875872361,10170.361302232874,146
/home/mwbc/ped-transit-data/networks/links_top250/link_id_42740,17102510451,17245,42740,"VertexID(5656793478, :node)","VertexID(5656793486, :node)",27,64,"VertexID(6245848407, :node)","VertexID(13039625831, :node)",96,0,69,0,131371.59185924134,13041.78693585056,47
/home/mwbc/ped-transit-data/networks/links_top250/link_id_43426,17109135530,6642324,43426,"VertexID(2086689048, :node)","VertexID(2086689083, :node)",0,77,"VertexID(2086689115, :node)","VertexID(6380798407, :node)",0,111,82,0,137686.05298013342,11769.866176034493,43
/home/mwbc/ped-transit-data/networks/links_top250/link_id_43564,17105045376,2552170,43564,"VertexID(307467548, :node)","VertexID(307467591, :node)",96,0,"VertexID(6371349210, :node)","VertexID(6371349295, :node)",0,6,97,0,62706.81601157468,6662.517455204106,223
/home/mwbc/ped-transit-data/networks/links_top250/link_id_43567,17102493206,0,43567,"VertexID(511121, :split)","VertexID(6373865514, :node)",0,43,"VertexID(510885, :island)","VertexID(510886, :island)",0,0,61,0,56928.69026185862,8876.645691424676,249
/home/mwbc/ped-transit-data/networks/links_top250/link_id_43811,17104939571,2446365,43811,"VertexID(511195, :split)","VertexID(170644387, :node)",21,0,"VertexID(510914, :split)","VertexID(2477945339, :node)",217,164,12,0,74364.28449454556,9237.59020858373,160
/home/mwbc/ped-transit-data/networks/links_top250/link_id_43901,17118011337,15518131,43901,"VertexID(195496421, :node)","VertexID(2870569168, :node)",43,91,"VertexID(13057027656, :node)","VertexID(13057027667, :node)",174,78,51,0,82178.57142857142,8497.969692275008,132
/home/mwbc/ped-transit-data/networks/links_top250/link_id_4391,17104970256,2477050,4391,"VertexID(170623320, :node)","VertexID(170623332, :node)",0,39,"VertexID(2062582374, :node)","VertexID(7949739454, :node)",0,27,21,0,83455.55394948774,9764.141080494308,127
/home/mwbc/ped-transit-data/networks/links_top250/link_id_44501,17118450630,15957424,44501,"VertexID(195496421, :node)","VertexID(2870569168, :node)",33,101,"VertexID(553321467, :node)","VertexID(1296793837, :node)",17,0,93,0,82178.57142857142,9657.458239392452,132
/home/mwbc/ped-transit-data/networks/links_top250/link_id_44520,17187903009,85409803,44520,"VertexID(170534021, :node)","VertexID(6119788388, :node)",59,64,"VertexID(300037002, :node)","VertexID(300037054, :node)",50,0,72,0,117079.2351075005,14544.549833899144,67
/home/mwbc/ped-transit-data/networks/links_top250/link_id_44667,17106576760,4083554,44667,"VertexID(512626, :split)","VertexID(195472641, :node)",0,28,"VertexID(512140, :split)","VertexID(6648981697, :node)",0,7,99,0,124246.95872564183,19867.98537170486,57
/home/mwbc/ped-transit-data/networks/links_top250/link_id_45006,17102865876,372670,45006,"VertexID(2402972656, :node)","VertexID(2402972667, :node)",89,54,"VertexID(6311929908, :node)","VertexID(6311929909, :node)",0,29,83,0,69063.9873204065,5881.476869613545,183
/home/mwbc/ped-transit-data/networks/links_top250/link_id_45275,17102680087,186881,45275,"VertexID(13977332220, :node)","VertexID(13977332223, :node)",0,9,"VertexID(512180, :split)","VertexID(13355793138, :node)",4,0,18,0,66149.89010820916,8346.07456456476,204
/home/mwbc/ped-transit-data/networks/links_top250/link_id_45289,17102677715,184509,45289,"VertexID(172696351, :node)","VertexID(172696378, :node)",182,86,"VertexID(510303, :split)","VertexID(172677266, :node)",53,0,78,0,95934.37143640977,9181.876452993212,99
/home/mwbc/ped-transit-data/networks/links_top250/link_id_4557,17102805710,312504,4557,"VertexID(2402972673, :node)","VertexID(2402972685, :node)",81,10,"VertexID(6311929911, :node)","VertexID(6311929912, :node)",77,0,27,0,66520.43222362427,5724.00912865509,202
/home/mwbc/ped-transit-data/networks/links_top250/link_id_4571,17108202499,5709293,4571,"VertexID(7449612885, :node)","VertexID(7449612913, :node)",5,15,"VertexID(1771853774, :node)","VertexID(1771853783, :node)",14,242,49,0,112783.76933013121,10059.870270208121,73
/home/mwbc/ped-transit-data/networks/links_top250/link_id_46365,17105442611,2949405,46365,"VertexID(6371349210, :node)","VertexID(6371349295, :node)",0,6,"VertexID(12984678577, :node)","VertexID(12984678578, :node)",0,15,51,0,73262.27779117439,8035.269665708655,165
/home/mwbc/ped-transit-data/networks/links_top250/link_id_46634,17103624218,1131012,46634,"VertexID(2524302634, :node)","VertexID(3999336787, :node)",61,108,"VertexID(7011324468, :node)","VertexID(7011324472, :node)",69,0,57,0,134993.29166949418,10578.035160561141,45
/home/mwbc/ped-transit-data/networks/links_top250/link_id_471,17109519066,7025860,471,"VertexID(4090887224, :node)","VertexID(4090887227, :node)",0,90,"VertexID(5940888496, :node)","VertexID(5940888500, :node)",82,84,91,0,85556.66563628546,6892.946821980665,120
/home/mwbc/ped-transit-data/networks/links_top250/link_id_4722,17103933243,1440037,4722,"VertexID(13533474737, :node)","VertexID(13533474744, :node)",221,8,"VertexID(6101752676, :node)","VertexID(6101752677, :node)",0,30,80,0,79086.74409725571,11868.35890600408,145
/home/mwbc/ped-transit-data/networks/links_top250/link_id_47555,17169971295,67478089,47555,"VertexID(170534021, :node)","VertexID(170572093, :node)",26,0,"VertexID(6201758034, :node)","VertexID(6201758036, :node)",46,0,72,0,123448.35428396417,13269.858231473201,59
/home/mwbc/ped-transit-data/networks/links_top250/link_id_47746,17116755923,14262717,47746,"VertexID(512046, :split)","VertexID(6110164337, :node)",184,117,"VertexID(6970589943, :node)","VertexID(6970589960, :node)",109,27,78,0,155047.44996958584,22603.75825569072,25
/home/mwbc/ped-transit-data/networks/links_top250/link_id_48132,17102960451,467245,48132,"VertexID(5954552360, :node)","VertexID(5954552361, :node)",35,33,"VertexID(510420, :split)","VertexID(6298349988, :node)",129,100,91,0,64109.758190612294,4346.883900219424,215
/home/mwbc/ped-transit-data/networks/links_top250/link_id_4817,17103271653,778447,4817,"VertexID(5954552345, :node)","VertexID(5954552349, :node)",7,0,"VertexID(9095195480, :node)","VertexID(13101896197, :node)",0,32,88,0,56909.82238431658,5537.522412392073,250
/home/mwbc/ped-transit-data/networks/links_top250/link_id_48226,17103499102,1005896,48226,"VertexID(21595946, :node)","VertexID(6437128739, :node)",530,96,"VertexID(10937933334, :node)","VertexID(10937933335, :node)",57,0,52,0,68708.46074213284,5355.27064526578,187
/home/mwbc/ped-transit-data/networks/links_top250/link_id_48354,17111393477,8900271,48354,"VertexID(2086689040, :node)","VertexID(2086689150, :node)",61,66,"VertexID(510848, :split)","VertexID(6380798468, :node)",114,88,74,0,114999.97350993461,21315.02591127669,70
/home/mwbc/ped-transit-data/networks/links_top250/link_id_48965,17103147150,653944,48965,"VertexID(512179, :split)","VertexID(195624290, :node)",7,0,"VertexID(512194, :split)","VertexID(6240813672, :node)",0,19,36,0,146117.53124526583,19579.28670786836,33
/home/mwbc/ped-transit-data/networks/links_top250/link_id_48993,17103624218,1131012,48993,"VertexID(7011324468, :node)","VertexID(7011324472, :node)",69,0,"VertexID(6815708622, :node)","VertexID(6815708626, :node)",89,48,67,0,128731.38794393433,9663.168813130835,50
/home/mwbc/ped-transit-data/networks/links_top250/link_id_49035,17102631160,137954,49035,"VertexID(170694054, :node)","VertexID(170694082, :node)",16,0,"VertexID(6293726988, :node)","VertexID(6293727004, :node)",16,11,95,0,58374.68814819327,5219.886113987574,242
/home/mwbc/ped-transit-data/networks/links_top250/link_id_49154,17103623777,1130571,49154,"VertexID(170694062, :node)","VertexID(170694069, :node)",21,0,"VertexID(10937933325, :node)","VertexID(10937933334, :node)",11,24,54,0,67967.83008276361,5313.164367830948,191
/home/mwbc/ped-transit-data/networks/links_top250/link_id_49207,17104305570,1812364,49207,"VertexID(195419952, :node)","VertexID(195429395, :node)",114,75,"VertexID(195501760, :node)","VertexID(1215465788, :node)",0,17,39,0,84120.78769534809,11101.645221664847,124
/home/mwbc/ped-transit-data/networks/links_top250/link_id_4937,17103007882,514676,4937,"VertexID(510954, :split)","VertexID(6372341553, :node)",0,9,"VertexID(6988141253, :node)","VertexID(6988141255, :node)",52,20,64,0,477972.59343220765,57528.52931100456,2
/home/mwbc/ped-transit-data/networks/links_top250/link_id_4972,17105085073,2591867,4972,"VertexID(324211329, :node)","VertexID(5309363106, :node)",0,12,"VertexID(509964, :split)","VertexID(5312817700, :node)",86,46,68,0,79697.04924918589,6331.379255371018,140
/home/mwbc/ped-transit-data/networks/links_top250/link_id_49845,17104151205,1657999,49845,"VertexID(6403179208, :node)","VertexID(6403179211, :node)",0,99,"VertexID(9943404455, :node)","VertexID(10960234443, :node)",36,25,87,0,65138.78632236586,6662.1604084021,211
/home/mwbc/ped-transit-data/networks/links_top250/link_id_50228,17136819769,34326563,50228,"VertexID(195500691, :node)","VertexID(1854281801, :node)",218,45,"VertexID(6088921262, :node)","VertexID(6088922121, :node)",8,127,41,0,92689.97847357836,15123.42048759394,102
/home/mwbc/ped-transit-data/networks/links_top250/link_id_50349,17176506639,74013433,50349,"VertexID(170534021, :node)","VertexID(6119788388, :node)",19,104,"VertexID(6201758071, :node)","VertexID(6201758072, :node)",0,43,72,0,126482.33860089294,14896.433092211118,53
/home/mwbc/ped-transit-data/networks/links_top250/link_id_50390,17113286270,10793064,50390,"VertexID(2086689135, :node)","VertexID(7161031125, :node)",34,0,"VertexID(6956981905, :node)","VertexID(6956981909, :node)",76,13,58,0,137733.25827814662,19243.26583998908,42
/home/mwbc/ped-transit-data/networks/links_top250/link_id_50413,17102608054,114848,50413,"VertexID(7244187954, :node)","VertexID(7244187955, :node)",0,5,"VertexID(6223332513, :node)","VertexID(12881215228, :node)",0,40,76,0,57157.018792515024,14281.106554258944,247
/home/mwbc/ped-transit-data/networks/links_top250/link_id_50473,17180341403,77848197,50473,"VertexID(170534021, :node)","VertexID(6119788388, :node)",89,34,"VertexID(6201758014, :node)","VertexID(6201758043, :node)",44,0,72,0,111312.75490096008,14649.480530037816,77
/home/mwbc/ped-transit-data/networks/links_top250/link_id_50746,17103629616,1136410,50746,"VertexID(510528, :split)","VertexID(6437128740, :node)",31,128,"VertexID(10937933334, :node)","VertexID(10937933335, :node)",57,0,11,0,70238.12630737046,6537.503186075372,178
/home/mwbc/ped-transit-data/networks/links_top250/link_id_51482,17102508022,14816,51482,"VertexID(512573, :split)","VertexID(6023795838, :node)",10,0,"VertexID(11119889749, :node)","VertexID(11119889750, :node)",19,0,68,0,240048.63178779877,36133.31755145728,12
/home/mwbc/ped-transit-data/networks/links_top250/link_id_51853,17102677236,184030,51853,"VertexID(905131533, :node)","VertexID(6295528100, :node)",219,6,"VertexID(510975, :island)","VertexID(510976, :island)",0,0,21,0,72097.2774627475,11720.072777023322,169
/home/mwbc/ped-transit-data/networks/links_top250/link_id_52105,17102643729,150523,52105,"VertexID(511136, :split)","VertexID(6184643571, :node)",12,72,"VertexID(511206, :split)","VertexID(13386397788, :node)",6,0,8,0,101905.73483241719,16555.249460952473,94
/home/mwbc/ped-transit-data/networks/links_top250/link_id_52242,17102493206,0,52242,"VertexID(7161503134, :node)","VertexID(7161503145, :node)",46,51,"VertexID(3366622235, :node)","VertexID(5688960166, :node)",39,0,58,0,68447.57684210538,6336.205321977243,189
/home/mwbc/ped-transit-data/networks/links_top250/link_id_52323,17102573361,80155,52323,"VertexID(3819591163, :node)","VertexID(3819591164, :node)",21,0,"VertexID(5969706756, :node)","VertexID(5969706763, :node)",0,4,90,0,146901.80893052413,16375.451609239139,30
/home/mwbc/ped-transit-data/networks/links_top250/link_id_52486,17103446907,953701,52486,"VertexID(621456495, :node)","VertexID(6240813668, :node)",0,8,"VertexID(6533039730, :node)","VertexID(6533039733, :node)",0,6,26,0,160481.2688209047,19991.10184302487,24
/home/mwbc/ped-transit-data/networks/links_top250/link_id_5252,17113010740,10517534,5252,"VertexID(6570368775, :node)","VertexID(6570368777, :node)",0,50,"VertexID(6970589926, :node)","VertexID(6970589941, :node)",0,88,95,0,79548.07957365221,9381.36659338083,142
/home/mwbc/ped-transit-data/networks/links_top250/link_id_52773,17111796542,9303336,52773,"VertexID(195507112, :node)","VertexID(195652212, :node)",0,77,"VertexID(1757855267, :node)","VertexID(1757855271, :node)",59,0,6,0,80489.85872708312,9824.8422860939,137
/home/mwbc/ped-transit-data/networks/links_top250/link_id_53408,17120522652,18029446,53408,"VertexID(512046, :split)","VertexID(6110164337, :node)",53,248,"VertexID(6970589926, :node)","VertexID(6970589941, :node)",0,88,41,0,120578.36626430115,20787.173824586287,65
/home/mwbc/ped-transit-data/networks/links_top250/link_id_53664,17102596094,102888,53664,"VertexID(5969706756, :node)","VertexID(5969706763, :node)",4,0,"VertexID(6245848407, :node)","VertexID(13039625831, :node)",43,53,27,0,151643.34495991137,16872.426465248594,26
/home/mwbc/ped-transit-data/networks/links_top250/link_id_54182,17104671998,2178792,54182,"VertexID(172664032, :node)","VertexID(172664038, :node)",0,49,"VertexID(172644089, :node)","VertexID(1256291534, :node)",0,75,16,0,64894.628057273774,7332.628958671578,212
/home/mwbc/ped-transit-data/networks/links_top250/link_id_54254,17110004144,7510938,54254,"VertexID(2086689072, :node)","VertexID(7161031128, :node)",35,0,"VertexID(2086689034, :node)","VertexID(2086689102, :node)",197,108,72,0,122206.6490066235,11793.983284029582,62
/home/mwbc/ped-transit-data/networks/links_top250/link_id_54681,17102493206,0,54681,"VertexID(195711040, :node)","VertexID(9482544265, :node)",0,76,"VertexID(512142, :split)","VertexID(6342008554, :node)",0,8,27,0,72676.09935897446,12250.234512075871,168
/home/mwbc/ped-transit-data/networks/links_top250/link_id_55118,17103565825,1072619,55118,"VertexID(2087318553, :node)","VertexID(2087318578, :node)",129,18,"VertexID(6025596624, :node)","VertexID(6025596625, :node)",40,0,76,0,104254.35723096364,9955.781039902222,89
/home/mwbc/ped-transit-data/networks/links_top250/link_id_55171,17103680193,1186987,55171,"VertexID(510029, :split)","VertexID(3698122892, :node)",8,0,"VertexID(510446, :split)","VertexID(6020048534, :node)",13,59,6,0,132498.99107765817,35861.581940157055,46
/home/mwbc/ped-transit-data/networks/links_top250/link_id_55306,17103040713,547507,55306,"VertexID(512194, :split)","VertexID(6240813672, :node)",0,19,"VertexID(6533039727, :node)","VertexID(6533039728, :node)",0,12,96,0,104348.69240855012,12727.087844411237,87
/home/mwbc/ped-transit-data/networks/links_top250/link_id_55489,17105192224,2699018,55489,"VertexID(195406649, :node)","VertexID(6403179210, :node)",0,66,"VertexID(10825050379, :node)","VertexID(10825050385, :node)",0,12,88,0,73741.58428288018,8532.479564627742,163
/home/mwbc/ped-transit-data/networks/links_top250/link_id_55568,17104314598,1821392,55568,"VertexID(170611030, :node)","VertexID(170634749, :node)",8,85,"VertexID(510706, :split)","VertexID(6329599960, :node)",60,0,30,0,63600.65557680865,11145.072730300233,219
/home/mwbc/ped-transit-data/networks/links_top250/link_id_55941,17103096067,602861,55941,"VertexID(195544908, :node)","VertexID(1302113002, :node)",0,11,"VertexID(1748586486, :node)","VertexID(1748586555, :node)",19,39,55,0,321873.8257855685,32206.08299405256,5
/home/mwbc/ped-transit-data/networks/links_top250/link_id_56034,17160471632,57978426,56034,"VertexID(170572071, :node)","VertexID(170590037, :node)",128,17,"VertexID(6201759192, :node)","VertexID(9789346674, :node)",43,16,57,0,63206.143834417715,11063.975169259773,221
/home/mwbc/ped-transit-data/networks/links_top250/link_id_56312,17107315911,4822705,56312,"VertexID(5482975961, :node)","VertexID(6311780596, :node)",0,34,"VertexID(4082291622, :node)","VertexID(4143370150, :node)",86,77,45,0,70472.86176186598,7070.7471803184335,173
/home/mwbc/ped-transit-data/networks/links_top250/link_id_56905,17103624218,1131012,56905,"VertexID(7011324468, :node)","VertexID(7011324472, :node)",69,0,"VertexID(6815708622, :node)","VertexID(6815708628, :node)",62,0,92,0,129135.3106243467,9768.868608693363,49
/home/mwbc/ped-transit-data/networks/links_top250/link_id_57124,17102757541,264335,57124,"VertexID(195718724, :node)","VertexID(195718765, :node)",67,155,"VertexID(10825050322, :node)","VertexID(10825050335, :node)",6,0,99,0,84523.37405795707,7284.54567968469,122
/home/mwbc/ped-transit-data/networks/links_top250/link_id_57336,17110854014,8360808,57336,"VertexID(170654684, :node)","VertexID(1145624165, :node)",34,53,"VertexID(2865132015, :node)","VertexID(2865132018, :node)",134,0,82,0,86527.48363610347,7646.945953903518,115
/home/mwbc/ped-transit-data/networks/links_top250/link_id_57788,17104873750,2380544,57788,"VertexID(195410384, :node)","VertexID(6342008526, :node)",0,7,"VertexID(-664, :node)","VertexID(195472639, :node)",7,22,24,0,140878.25240561966,23162.933450365083,36
/home/mwbc/ped-transit-data/networks/links_top250/link_id_58391,17176506639,74013433,58391,"VertexID(170534021, :node)","VertexID(6119788388, :node)",24,99,"VertexID(6201758069, :node)","VertexID(6201758070, :node)",42,0,73,0,127056.75030485164,14887.500469172363,52
/home/mwbc/ped-transit-data/networks/links_top250/link_id_58449,17102503646,10440,58449,"VertexID(6373865516, :node)","VertexID(6373866012, :node)",7,0,"VertexID(510885, :island)","VertexID(510886, :island)",0,0,35,0,67399.16915164691,10302.759195660863,194
/home/mwbc/ped-transit-data/networks/links_top250/link_id_58499,17116956954,14463748,58499,"VertexID(1307078068, :node)","VertexID(1743924843, :node)",30,63,"VertexID(512046, :split)","VertexID(6110164337, :node)",199,102,73,0,175935.20940526467,25531.395521943014,18
/home/mwbc/ped-transit-data/networks/links_top250/link_id_58706,17102493206,0,58706,"VertexID(1984399498, :node)","VertexID(1984399576, :node)",58,280,"VertexID(5312739574, :node)","VertexID(5312739579, :node)",86,0,87,0,60237.76554145831,5320.278934593264,233
/home/mwbc/ped-transit-data/networks/links_top250/link_id_58756,17103618113,1124907,58756,"VertexID(2087318540, :node)","VertexID(2087318578, :node)",22,7,"VertexID(3579429655, :node)","VertexID(11201061625, :node)",4,0,44,0,110194.02755318573,11465.641797508983,79
/home/mwbc/ped-transit-data/networks/links_top250/link_id_58822,17102564074,70868,58822,"VertexID(170579657, :node)","VertexID(6184643534, :node)",0,5,"VertexID(6184643539, :node)","VertexID(6184643540, :node)",5,0,17,0,83505.89970555386,14650.701051931317,126
/home/mwbc/ped-transit-data/networks/links_top250/link_id_59265,17109920207,7427001,59265,"VertexID(510848, :split)","VertexID(6380798468, :node)",50,152,"VertexID(7161031122, :node)","VertexID(7161031150, :node)",74,0,83,0,91826.10596026533,17191.083633833,104
/home/mwbc/ped-transit-data/networks/links_top250/link_id_59689,17106170458,3677252,59689,"VertexID(195472641, :node)","VertexID(1215465761, :node)",0,27,"VertexID(6204659705, :node)","VertexID(6481531996, :node)",83,50,27,0,146577.71122768946,21094.991804390305,32
/home/mwbc/ped-transit-data/networks/links_top250/link_id_59711,17110985938,8492732,59711,"VertexID(511274, :split)","VertexID(6252047910, :node)",157,194,"VertexID(170718544, :node)","VertexID(7013296961, :node)",0,7,71,0,71884.14993992608,8168.458955724516,170
/home/mwbc/ped-transit-data/networks/links_top250/link_id_59854,17109037769,6544563,59854,"VertexID(2086689048, :node)","VertexID(2086689083, :node)",0,77,"VertexID(2086689034, :node)","VertexID(2086689102, :node)",142,163,57,0,111211.74834437165,10027.621593473381,78
/home/mwbc/ped-transit-data/networks/links_top250/link_id_60191,17118475843,15982637,60191,"VertexID(195496421, :node)","VertexID(2870569168, :node)",36,98,"VertexID(553320890, :node)","VertexID(553321250, :node)",195,70,16,0,90269.99999999999,10385.19486893282,108
/home/mwbc/ped-transit-data/networks/links_top250/link_id_60710,17105399768,2906562,60710,"VertexID(1597118938, :node)","VertexID(1597119150, :node)",52,139,"VertexID(195398901, :node)","VertexID(13041308721, :node)",0,12,84,0,58516.224839770024,5382.217130468777,240
/home/mwbc/ped-transit-data/networks/links_top250/link_id_6113,17102493206,0,6113,"VertexID(172715733, :node)","VertexID(6889229925, :node)",61,136,"VertexID(5312739574, :node)","VertexID(5312739575, :node)",21,0,61,0,58393.936642496854,5637.043123033599,241
/home/mwbc/ped-transit-data/networks/links_top250/link_id_61227,17103327302,834096,61227,"VertexID(195417829, :node)","VertexID(195417836, :node)",0,123,"VertexID(6342008536, :node)","VertexID(6342008538, :node)",80,24,31,0,87069.34900160135,11724.103237518157,114
/home/mwbc/ped-transit-data/networks/links_top250/link_id_61515,17105213416,2720210,61515,"VertexID(512157, :split)","VertexID(195659230, :node)",0,131,"VertexID(510353, :split)","VertexID(6014374581, :node)",10,120,36,0,59433.65887574213,7443.390788814875,236
/home/mwbc/ped-transit-data/networks/links_top250/link_id_61613,17120333312,17840106,61613,"VertexID(1431908213, :node)","VertexID(1431908223, :node)",0,110,"VertexID(512045, :split)","VertexID(6110164332, :node)",14,90,30,0,174081.25523577238,19136.70314140774,20
/home/mwbc/ped-transit-data/networks/links_top250/link_id_61768,17110611410,8118204,61768,"VertexID(1597119002, :node)","VertexID(9585885696, :node)",118,185,"VertexID(6970589926, :node)","VertexID(6970589941, :node)",0,88,73,0,102693.81359809349,9545.347347976733,91
/home/mwbc/ped-transit-data/networks/links_top250/link_id_61844,17115463702,12970496,61844,"VertexID(5939949473, :node)","VertexID(9387172998, :node)",21,5,"VertexID(6311780593, :node)","VertexID(6311780594, :node)",21,0,14,0,85798.2460701188,13775.499730198404,118
/home/mwbc/ped-transit-data/networks/links_top250/link_id_61951,17102496758,3552,61951,"VertexID(6314512337, :node)","VertexID(6314512371, :node)",0,27,"VertexID(511012, :split)","VertexID(511239, :split)",155,0,28,0,73897.21546004282,11748.960140905887,162
/home/mwbc/ped-transit-data/networks/links_top250/link_id_62114,17120331678,17838472,62114,"VertexID(1431908213, :node)","VertexID(1431908223, :node)",0,110,"VertexID(195398902, :node)","VertexID(6110164336, :node)",0,9,31,0,164158.98584100322,18268.99531630798,23
/home/mwbc/ped-transit-data/networks/links_top250/link_id_62219,17105010659,2517453,62219,"VertexID(195544908, :node)","VertexID(1302113002, :node)",0,11,"VertexID(4359442965, :node)","VertexID(4359521707, :node)",12,8,14,0,339787.19427103427,43054.949251047365,4
/home/mwbc/ped-transit-data/networks/links_top250/link_id_6242,17131509622,29016416,6242,"VertexID(1854281737, :node)","VertexID(11044113083, :node)",15,3,"VertexID(6088921262, :node)","VertexID(6088922121, :node)",83,52,88,0,66681.57700912558,10822.343859275043,200
/home/mwbc/ped-transit-data/networks/links_top250/link_id_62789,17131526571,29033365,62789,"VertexID(11044113083, :node)","VertexID(11044113084, :node)",0,7,"VertexID(6088922118, :node)","VertexID(6970366969, :node)",52,59,97,0,67901.58004151385,11316.352633127779,192
/home/mwbc/ped-transit-data/networks/links_top250/link_id_62896,17105371906,2878700,62896,"VertexID(512626, :split)","VertexID(195472641, :node)",12,16,"VertexID(6204659760, :node)","VertexID(6204659762, :node)",41,0,57,0,105075.65570137903,13870.92629307956,85
/home/mwbc/ped-transit-data/networks/links_top250/link_id_63136,17104569738,2076532,63136,"VertexID(1256259557, :node)","VertexID(1256259732, :node)",0,109,"VertexID(1256291572, :node)","VertexID(1256291639, :node)",12,27,83,0,79280.48773968536,13778.285090300687,143
/home/mwbc/ped-transit-data/networks/links_top250/link_id_63369,17102733257,240051,63369,"VertexID(195433218, :node)","VertexID(6239053294, :node)",0,10,"VertexID(513065, :split)","VertexID(6682291799, :node)",8,367,20,0,87340.55649101645,12170.738420471482,113
/home/mwbc/ped-transit-data/networks/links_top250/link_id_63777,17102644162,150956,63777,"VertexID(195410495, :node)","VertexID(195410499, :node)",0,49,"VertexID(9943404455, :node)","VertexID(10960234443, :node)",36,25,99,0,63373.62245833203,6411.688258177881,220
/home/mwbc/ped-transit-data/networks/links_top250/link_id_638,17102525475,32269,638,"VertexID(170579657, :node)","VertexID(6184643534, :node)",0,5,"VertexID(511140, :split)","VertexID(6184643540, :node)",41,16,8,0,87389.82047421919,15265.650593475544,112
/home/mwbc/ped-transit-data/networks/links_top250/link_id_64087,17102664518,171312,64087,"VertexID(172735649, :node)","VertexID(7949796923, :node)",46,0,"VertexID(4962922484, :node)","VertexID(6814709975, :node)",71,100,80,0,59062.55669098749,5914.478833663966,237
/home/mwbc/ped-transit-data/networks/links_top250/link_id_64258,17102493206,0,64258,"VertexID(5911215578, :node)","VertexID(9482544265, :node)",21,0,"VertexID(512142, :split)","VertexID(6342008560, :node)",29,98,84,0,74787.55769230778,12754.822188636981,158
/home/mwbc/ped-transit-data/networks/links_top250/link_id_64894,17102492986,-220,64894,"VertexID(3366622234, :node)","VertexID(6184643453, :node)",0,9,"VertexID(6184643472, :node)","VertexID(6184643483, :node)",124,222,6,0,91376.15999999968,12381.398878634776,105
/home/mwbc/ped-transit-data/networks/links_top250/link_id_64986,17105228387,2735181,64986,"VertexID(-3227, :node)","VertexID(6069435992, :node)",0,30,"VertexID(9951889642, :node)","VertexID(9951889646, :node)",31,0,77,0,57575.15850336224,6391.58256848933,246
/home/mwbc/ped-transit-data/networks/links_top250/link_id_6524,17103025576,532370,6524,"VertexID(195400114, :node)","VertexID(195400118, :node)",46,29,"VertexID(-664, :node)","VertexID(195472639, :node)",15,14,69,0,106611.31232915256,14046.839517474302,83
/home/mwbc/ped-transit-data/networks/links_top250/link_id_65397,17102493206,0,65397,"VertexID(1756100457, :node)","VertexID(6110156202, :node)",10,10,"VertexID(6110156203, :node)","VertexID(7120956262, :node)",7,6,11,0,58951.4398148148,7904.75593936106,238
/home/mwbc/ped-transit-data/networks/links_top250/link_id_65519,17102770286,277080,65519,"VertexID(170694062, :node)","VertexID(170694069, :node)",21,0,"VertexID(6293726987, :node)","VertexID(6293726998, :node)",28,18,70,0,68972.31902973296,5367.564022403828,185
/home/mwbc/ped-transit-data/networks/links_top250/link_id_65591,17104439660,1946454,65591,"VertexID(3895225758, :node)","VertexID(6329599595, :node)",7,0,"VertexID(510706, :split)","VertexID(6329599980, :node)",14,0,17,0,82528.22156197148,14874.776945469923,130
/home/mwbc/ped-transit-data/networks/links_top250/link_id_65739,17102530798,37592,65739,"VertexID(172650848, :node)","VertexID(172654405, :node)",0,58,"VertexID(2724385067, :node)","VertexID(5733754426, :node)",44,0,11,0,65384.16883797481,7953.146797097879,208
/home/mwbc/ped-transit-data/networks/links_top250/link_id_65818,17103096525,603319,65818,"VertexID(299522639, :node)","VertexID(7235784352, :node)",13,54,"VertexID(-5197, :node)","VertexID(6988141253, :node)",16,20,13,0,480222.3155129412,65503.29280912681,1
/home/mwbc/ped-transit-data/networks/links_top250/link_id_6582,17102558240,65034,6582,"VertexID(10303510439, :node)","VertexID(10303510443, :node)",98,152,"VertexID(6240218607, :node)","VertexID(6240218608, :node)",42,0,70,0,69376.31572518239,8827.41670099663,181
/home/mwbc/ped-transit-data/networks/links_top250/link_id_66224,17121644652,19151446,66224,"VertexID(195394966, :node)","VertexID(1431908171, :node)",39,0,"VertexID(512046, :split)","VertexID(6110164337, :node)",32,269,8,0,122164.19914746212,21760.546775682295,63
/home/mwbc/ped-transit-data/networks/links_top250/link_id_66574,17103246282,753076,66574,"VertexID(170524442, :node)","VertexID(332599672, :node)",0,115,"VertexID(6293726784, :node)","VertexID(6293726985, :node)",22,0,84,0,62248.11602494781,5783.239068209052,227
/home/mwbc/ped-transit-data/networks/links_top250/link_id_67122,17103967231,1474025,67122,"VertexID(172713733, :node)","VertexID(2702958474, :node)",0,75,"VertexID(172713964, :node)","VertexID(9477063640, :node)",0,8,15,0,90683.16915580479,15480.578743030106,107
/home/mwbc/ped-transit-data/networks/links_top250/link_id_67208,17104902746,2409540,67208,"VertexID(1992384461, :node)","VertexID(5314263417, :node)",15,63,"VertexID(-3227, :node)","VertexID(6069435992, :node)",9,21,84,0,74542.99051755106,8115.851850800292,159
/home/mwbc/ped-transit-data/networks/links_top250/link_id_68793,17113145843,10652637,68793,"VertexID(1307078068, :node)","VertexID(1307078089, :node)",11,41,"VertexID(1597119002, :node)","VertexID(9585885696, :node)",28,275,92,0,138023.9691643295,16207.692385352928,40
/home/mwbc/ped-transit-data/networks/links_top250/link_id_6897,17103929694,1436488,6897,"VertexID(5790947773, :node)","VertexID(8570202414, :node)",36,121,"VertexID(11905853977, :node)","VertexID(11905853979, :node)",0,25,85,0,212850.08923286572,16545.481099082634,16
/home/mwbc/ped-transit-data/networks/links_top250/link_id_69028,17102727326,234120,69028,"VertexID(195515724, :node)","VertexID(6270549632, :node)",0,7,"VertexID(6239053330, :node)","VertexID(6270706042, :node)",126,0,62,0,77797.79655435662,7019.284355061923,148
/home/mwbc/ped-transit-data/networks/links_top250/link_id_69130,17104726180,2232974,69130,"VertexID(195417848, :node)","VertexID(1215465739, :node)",0,28,"VertexID(512141, :split)","VertexID(6342008527, :node)",24,101,8,0,141531.22999570938,21244.88989106301,35
/home/mwbc/ped-transit-data/networks/links_top250/link_id_69155,17172725565,70232359,69155,"VertexID(170534021, :node)","VertexID(170572093, :node)",20,6,"VertexID(6201758073, :node)","VertexID(6201758074, :node)",0,43,71,0,125398.02459960936,14071.734405095622,55
/home/mwbc/ped-transit-data/networks/links_top250/link_id_69241,17104244857,1751651,69241,"VertexID(195419952, :node)","VertexID(195429395, :node)",84,105,"VertexID(195417848, :node)","VertexID(1215465739, :node)",0,28,38,0,89377.19291902597,11936.944923131245,110
/home/mwbc/ped-transit-data/networks/links_top250/link_id_6936,17104636146,2142940,6936,"VertexID(170538823, :node)","VertexID(170538826, :node)",147,0,"VertexID(6139621904, :node)","VertexID(6139621905, :node)",0,4,43,0,69221.59222966505,6987.834891635786,182
/home/mwbc/ped-transit-data/networks/links_top250/link_id_7393,17120021721,17528515,7393,"VertexID(1431908255, :node)","VertexID(1431908305, :node)",48,15,"VertexID(512045, :split)","VertexID(6110164332, :node)",29,75,63,0,173657.196247347,17913.184548440517,21
/home/mwbc/ped-transit-data/networks/links_top250/link_id_773,17118442879,15949673,773,"VertexID(195496421, :node)","VertexID(2870569168, :node)",12,122,"VertexID(195728022, :node)","VertexID(12181652058, :node)",0,5,49,0,82178.57142857142,10014.657758247562,132
/home/mwbc/ped-transit-data/networks/links_top250/link_id_7841,17107336610,4843404,7841,"VertexID(195394966, :node)","VertexID(1431908171, :node)",39,0,"VertexID(1597119002, :node)","VertexID(9585885696, :node)",142,161,46,0,105062.3391114583,9174.02093202001,86
/home/mwbc/ped-transit-data/networks/links_top250/link_id_7874,17104921200,2427994,7874,"VertexID(195501760, :node)","VertexID(1215465788, :node)",0,17,"VertexID(512141, :split)","VertexID(6342008534, :node)",0,50,69,0,121761.46795081552,17762.50557114544,64
/home/mwbc/ped-transit-data/networks/links_top250/link_id_8285,17106019007,3525801,8285,"VertexID(1854281781, :node)","VertexID(1854281896, :node)",24,0,"VertexID(10698189559, :node)","VertexID(13533529090, :node)",24,147,91,0,61786.27178970328,7069.934549367686,230
/home/mwbc/ped-transit-data/networks/links_top250/link_id_8586,17102864468,371262,8586,"VertexID(6507351960, :node)","VertexID(6507351961, :node)",57,44,"VertexID(4359442965, :node)","VertexID(4359442966, :node)",12,0,82,0,239698.42894146976,19811.104497089513,14
/home/mwbc/ped-transit-data/networks/links_top250/link_id_8733,17102530798,37592,8733,"VertexID(172650848, :node)","VertexID(172654405, :node)",0,58,"VertexID(573826795, :node)","VertexID(5733754426, :node)",163,8,7,0,66073.05687350755,8015.273747646624,205
/home/mwbc/ped-transit-data/networks/links_top250/link_id_901,17104942930,2449724,901,"VertexID(5664291407, :node)","VertexID(11261366873, :node)",25,0,"VertexID(10722200856, :node)","VertexID(11261663914, :node)",189,309,35,0,102344.88186821155,7502.274944805774,93
/home/mwbc/ped-transit-data/networks/links_top250/link_id_907,17131351645,28858439,907,"VertexID(1854281737, :node)","VertexID(1854281752, :node)",12,0,"VertexID(6088922122, :node)","VertexID(6088954705, :node)",77,459,62,0,65431.91406961033,9466.221377121208,207
