transit_score,transit_score_delta,filename,link_id
16952351630,0,/home/mwbc/ped-transit-data/networks/links/link_id_10019,10019
16952423666,72036,/home/mwbc/ped-transit-data/networks/links/link_id_10137,10137
16952351630,0,/home/mwbc/ped-transit-data/networks/links/link_id_1015,1015
16952351630,0,/home/mwbc/ped-transit-data/networks/links/link_id_10188,10188
16952351630,0,/home/mwbc/ped-transit-data/networks/links/link_id_1046,1046
16952351630,0,/home/mwbc/ped-transit-data/networks/links/link_id_1051,1051
16952351630,0,/home/mwbc/ped-transit-data/networks/links/link_id_10612,10612
16952351630,0,/home/mwbc/ped-transit-data/networks/links/link_id_10625,10625
16969040244,16688614,/home/mwbc/ped-transit-data/networks/links/link_id_10692,10692
16952351630,0,/home/mwbc/ped-transit-data/networks/links/link_id_10716,10716
16952650849,299219,/home/mwbc/ped-transit-data/networks/links/link_id_10787,10787
16952351630,0,/home/mwbc/ped-transit-data/networks/links/link_id_10881,10881
16952209375,-142255,/home/mwbc/ped-transit-data/networks/links/link_id_10896,10896
16952434932,83302,/home/mwbc/ped-transit-data/networks/links/link_id_11022,11022
16952351630,0,/home/mwbc/ped-transit-data/networks/links/link_id_11160,11160
16952351630,0,/home/mwbc/ped-transit-data/networks/links/link_id_1118,1118
16964145110,11793480,/home/mwbc/ped-transit-data/networks/links/link_id_11183,11183
16952351630,0,/home/mwbc/ped-transit-data/networks/links/link_id_11188,11188
16952351630,0,/home/mwbc/ped-transit-data/networks/links/link_id_11202,11202
16952946343,594713,/home/mwbc/ped-transit-data/networks/links/link_id_11254,11254
16952566520,214890,/home/mwbc/ped-transit-data/networks/links/link_id_11272,11272
16952402171,50541,/home/mwbc/ped-transit-data/networks/links/link_id_1147,1147
16952632107,280477,/home/mwbc/ped-transit-data/networks/links/link_id_11481,11481
16952357326,5696,/home/mwbc/ped-transit-data/networks/links/link_id_11501,11501
16952355072,3442,/home/mwbc/ped-transit-data/networks/links/link_id_11625,11625
16952356383,4753,/home/mwbc/ped-transit-data/networks/links/link_id_11658,11658
16952351630,0,/home/mwbc/ped-transit-data/networks/links/link_id_11659,11659
16969960790,17609160,/home/mwbc/ped-transit-data/networks/links/link_id_11733,11733
16952526498,174868,/home/mwbc/ped-transit-data/networks/links/link_id_11744,11744
16952351630,0,/home/mwbc/ped-transit-data/networks/links/link_id_11810,11810
16952351630,0,/home/mwbc/ped-transit-data/networks/links/link_id_11881,11881
16968956270,16604640,/home/mwbc/ped-transit-data/networks/links/link_id_11910,11910
16952351630,0,/home/mwbc/ped-transit-data/networks/links/link_id_11961,11961
16952351630,0,/home/mwbc/ped-transit-data/networks/links/link_id_11967,11967
16953034939,683309,/home/mwbc/ped-transit-data/networks/links/link_id_12038,12038
16955000723,2649093,/home/mwbc/ped-transit-data/networks/links/link_id_12067,12067
16952376794,25164,/home/mwbc/ped-transit-data/networks/links/link_id_12196,12196
16952351630,0,/home/mwbc/ped-transit-data/networks/links/link_id_1223,1223
16952354115,2485,/home/mwbc/ped-transit-data/networks/links/link_id_12331,12331
16952351630,0,/home/mwbc/ped-transit-data/networks/links/link_id_1234,1234
16952351630,0,/home/mwbc/ped-transit-data/networks/links/link_id_12385,12385
16952536951,185321,/home/mwbc/ped-transit-data/networks/links/link_id_12503,12503
16960059607,7707977,/home/mwbc/ped-transit-data/networks/links/link_id_12603,12603
16952376369,24739,/home/mwbc/ped-transit-data/networks/links/link_id_12608,12608
16952351630,0,/home/mwbc/ped-transit-data/networks/links/link_id_12665,12665
16952654197,302567,/home/mwbc/ped-transit-data/networks/links/link_id_12721,12721
16952460032,108402,/home/mwbc/ped-transit-data/networks/links/link_id_12797,12797
16952351630,0,/home/mwbc/ped-transit-data/networks/links/link_id_12911,12911
16952364996,13366,/home/mwbc/ped-transit-data/networks/links/link_id_12965,12965
16964403398,12051768,/home/mwbc/ped-transit-data/networks/links/link_id_13047,13047
16952351630,0,/home/mwbc/ped-transit-data/networks/links/link_id_13144,13144
16952516459,164829,/home/mwbc/ped-transit-data/networks/links/link_id_13160,13160
16952381390,29760,/home/mwbc/ped-transit-data/networks/links/link_id_13180,13180
16952351630,0,/home/mwbc/ped-transit-data/networks/links/link_id_13192,13192
16953176245,824615,/home/mwbc/ped-transit-data/networks/links/link_id_13318,13318
16952351630,0,/home/mwbc/ped-transit-data/networks/links/link_id_1333,1333
16952508513,156883,/home/mwbc/ped-transit-data/networks/links/link_id_13424,13424
16952355925,4295,/home/mwbc/ped-transit-data/networks/links/link_id_13431,13431
16953139358,787728,/home/mwbc/ped-transit-data/networks/links/link_id_13457,13457
16952351630,0,/home/mwbc/ped-transit-data/networks/links/link_id_13565,13565
16952351630,0,/home/mwbc/ped-transit-data/networks/links/link_id_13582,13582
16952351630,0,/home/mwbc/ped-transit-data/networks/links/link_id_13605,13605
16954714511,2362881,/home/mwbc/ped-transit-data/networks/links/link_id_13673,13673
16952351630,0,/home/mwbc/ped-transit-data/networks/links/link_id_13742,13742
16952386064,34434,/home/mwbc/ped-transit-data/networks/links/link_id_13761,13761
16952454338,102708,/home/mwbc/ped-transit-data/networks/links/link_id_13785,13785
16952366822,15192,/home/mwbc/ped-transit-data/networks/links/link_id_13871,13871
16954266126,1914496,/home/mwbc/ped-transit-data/networks/links/link_id_13881,13881
16952414645,63015,/home/mwbc/ped-transit-data/networks/links/link_id_14028,14028
16954276058,1924428,/home/mwbc/ped-transit-data/networks/links/link_id_14070,14070
16952351630,0,/home/mwbc/ped-transit-data/networks/links/link_id_14297,14297
16952352854,1224,/home/mwbc/ped-transit-data/networks/links/link_id_14406,14406
16952352370,740,/home/mwbc/ped-transit-data/networks/links/link_id_14430,14430
16952351630,0,/home/mwbc/ped-transit-data/networks/links/link_id_14445,14445
16952412101,60471,/home/mwbc/ped-transit-data/networks/links/link_id_14451,14451
16952383932,32302,/home/mwbc/ped-transit-data/networks/links/link_id_14515,14515
16952932355,580725,/home/mwbc/ped-transit-data/networks/links/link_id_14517,14517
16952356510,4880,/home/mwbc/ped-transit-data/networks/links/link_id_14526,14526
16953417326,1065696,/home/mwbc/ped-transit-data/networks/links/link_id_14571,14571
16952351630,0,/home/mwbc/ped-transit-data/networks/links/link_id_1470,1470
16952351630,0,/home/mwbc/ped-transit-data/networks/links/link_id_14702,14702
16952351630,0,/home/mwbc/ped-transit-data/networks/links/link_id_14707,14707
16952358464,6834,/home/mwbc/ped-transit-data/networks/links/link_id_14794,14794
16952619665,268035,/home/mwbc/ped-transit-data/networks/links/link_id_14818,14818
16953950844,1599214,/home/mwbc/ped-transit-data/networks/links/link_id_14888,14888
16954285198,1933568,/home/mwbc/ped-transit-data/networks/links/link_id_15023,15023
16952351630,0,/home/mwbc/ped-transit-data/networks/links/link_id_15061,15061
16962996416,10644786,/home/mwbc/ped-transit-data/networks/links/link_id_15136,15136
16952351630,0,/home/mwbc/ped-transit-data/networks/links/link_id_15184,15184
16952351630,0,/home/mwbc/ped-transit-data/networks/links/link_id_15276,15276
16953435709,1084079,/home/mwbc/ped-transit-data/networks/links/link_id_15383,15383
16952363582,11952,/home/mwbc/ped-transit-data/networks/links/link_id_15569,15569
16952360032,8402,/home/mwbc/ped-transit-data/networks/links/link_id_15712,15712
16952410502,58872,/home/mwbc/ped-transit-data/networks/links/link_id_15762,15762
16952979309,627679,/home/mwbc/ped-transit-data/networks/links/link_id_15777,15777
16953172807,821177,/home/mwbc/ped-transit-data/networks/links/link_id_15847,15847
16952352665,1035,/home/mwbc/ped-transit-data/networks/links/link_id_15881,15881
16952627275,275645,/home/mwbc/ped-transit-data/networks/links/link_id_15928,15928
16952351630,0,/home/mwbc/ped-transit-data/networks/links/link_id_15952,15952
16952378590,26960,/home/mwbc/ped-transit-data/networks/links/link_id_1618,1618
16952826344,474714,/home/mwbc/ped-transit-data/networks/links/link_id_16196,16196
16952824000,472370,/home/mwbc/ped-transit-data/networks/links/link_id_16252,16252
16952351630,0,/home/mwbc/ped-transit-data/networks/links/link_id_16260,16260
16952351630,0,/home/mwbc/ped-transit-data/networks/links/link_id_16291,16291
16952351630,0,/home/mwbc/ped-transit-data/networks/links/link_id_1634,1634
16952351630,0,/home/mwbc/ped-transit-data/networks/links/link_id_16351,16351
16954297780,1946150,/home/mwbc/ped-transit-data/networks/links/link_id_16370,16370
16952351630,0,/home/mwbc/ped-transit-data/networks/links/link_id_16408,16408
16952351630,0,/home/mwbc/ped-transit-data/networks/links/link_id_16493,16493
16952351630,0,/home/mwbc/ped-transit-data/networks/links/link_id_1652,1652
16952437302,85672,/home/mwbc/ped-transit-data/networks/links/link_id_1659,1659
16952421926,70296,/home/mwbc/ped-transit-data/networks/links/link_id_16592,16592
16952351630,0,/home/mwbc/ped-transit-data/networks/links/link_id_16593,16593
16952351630,0,/home/mwbc/ped-transit-data/networks/links/link_id_166,166
16952351630,0,/home/mwbc/ped-transit-data/networks/links/link_id_16632,16632
16955093773,2742143,/home/mwbc/ped-transit-data/networks/links/link_id_16675,16675
16952351630,0,/home/mwbc/ped-transit-data/networks/links/link_id_16725,16725
16952351630,0,/home/mwbc/ped-transit-data/networks/links/link_id_16914,16914
16957432233,5080603,/home/mwbc/ped-transit-data/networks/links/link_id_16948,16948
16952351630,0,/home/mwbc/ped-transit-data/networks/links/link_id_16962,16962
16952351630,0,/home/mwbc/ped-transit-data/networks/links/link_id_17021,17021
16953480766,1129136,/home/mwbc/ped-transit-data/networks/links/link_id_17048,17048
16952351630,0,/home/mwbc/ped-transit-data/networks/links/link_id_17117,17117
16954209900,1858270,/home/mwbc/ped-transit-data/networks/links/link_id_17263,17263
16952351630,0,/home/mwbc/ped-transit-data/networks/links/link_id_17294,17294
16952441464,89834,/home/mwbc/ped-transit-data/networks/links/link_id_1771,1771
16952351630,0,/home/mwbc/ped-transit-data/networks/links/link_id_17926,17926
16952352544,914,/home/mwbc/ped-transit-data/networks/links/link_id_17954,17954
16952351630,0,/home/mwbc/ped-transit-data/networks/links/link_id_17966,17966
16952854809,503179,/home/mwbc/ped-transit-data/networks/links/link_id_18041,18041
16952351630,0,/home/mwbc/ped-transit-data/networks/links/link_id_18105,18105
16952351630,0,/home/mwbc/ped-transit-data/networks/links/link_id_18138,18138
16952351630,0,/home/mwbc/ped-transit-data/networks/links/link_id_18141,18141
16952351630,0,/home/mwbc/ped-transit-data/networks/links/link_id_18170,18170
16952351630,0,/home/mwbc/ped-transit-data/networks/links/link_id_18197,18197
16952351630,0,/home/mwbc/ped-transit-data/networks/links/link_id_182,182
16952748815,397185,/home/mwbc/ped-transit-data/networks/links/link_id_18226,18226
16952351630,0,/home/mwbc/ped-transit-data/networks/links/link_id_18259,18259
16952351630,0,/home/mwbc/ped-transit-data/networks/links/link_id_18288,18288
16952351630,0,/home/mwbc/ped-transit-data/networks/links/link_id_18351,18351
16952351630,0,/home/mwbc/ped-transit-data/networks/links/link_id_1836,1836
16953058278,706648,/home/mwbc/ped-transit-data/networks/links/link_id_18396,18396
16952351630,0,/home/mwbc/ped-transit-data/networks/links/link_id_18456,18456
16955617410,3265780,/home/mwbc/ped-transit-data/networks/links/link_id_18549,18549
16952351630,0,/home/mwbc/ped-transit-data/networks/links/link_id_18647,18647
16952351630,0,/home/mwbc/ped-transit-data/networks/links/link_id_18655,18655
16952369042,17412,/home/mwbc/ped-transit-data/networks/links/link_id_18730,18730
16952491434,139804,/home/mwbc/ped-transit-data/networks/links/link_id_18736,18736
16952351630,0,/home/mwbc/ped-transit-data/networks/links/link_id_18837,18837
16963374560,11022930,/home/mwbc/ped-transit-data/networks/links/link_id_18877,18877
16952351630,0,/home/mwbc/ped-transit-data/networks/links/link_id_18884,18884
16952351630,0,/home/mwbc/ped-transit-data/networks/links/link_id_19091,19091
16952351630,0,/home/mwbc/ped-transit-data/networks/links/link_id_19202,19202
16954281379,1929749,/home/mwbc/ped-transit-data/networks/links/link_id_19256,19256
16952351630,0,/home/mwbc/ped-transit-data/networks/links/link_id_19310,19310
16952351630,0,/home/mwbc/ped-transit-data/networks/links/link_id_19375,19375
16969903496,17551866,/home/mwbc/ped-transit-data/networks/links/link_id_1941,1941
16952420536,68906,/home/mwbc/ped-transit-data/networks/links/link_id_19419,19419
16952353268,1638,/home/mwbc/ped-transit-data/networks/links/link_id_19588,19588
16952355220,3590,/home/mwbc/ped-transit-data/networks/links/link_id_19598,19598
16953482642,1131012,/home/mwbc/ped-transit-data/networks/links/link_id_1965,1965
16952351630,0,/home/mwbc/ped-transit-data/networks/links/link_id_19808,19808
16952351630,0,/home/mwbc/ped-transit-data/networks/links/link_id_19812,19812
16952351630,0,/home/mwbc/ped-transit-data/networks/links/link_id_19991,19991
16952351630,0,/home/mwbc/ped-transit-data/networks/links/link_id_20273,20273
16953581862,1230232,/home/mwbc/ped-transit-data/networks/links/link_id_20295,20295
16952361987,10357,/home/mwbc/ped-transit-data/networks/links/link_id_20398,20398
16952351630,0,/home/mwbc/ped-transit-data/networks/links/link_id_20465,20465
16952351630,0,/home/mwbc/ped-transit-data/networks/links/link_id_2058,2058
16952351630,0,/home/mwbc/ped-transit-data/networks/links/link_id_20583,20583
16952373858,22228,/home/mwbc/ped-transit-data/networks/links/link_id_20612,20612
16952351630,0,/home/mwbc/ped-transit-data/networks/links/link_id_20676,20676
16952603786,252156,/home/mwbc/ped-transit-data/networks/links/link_id_20708,20708
16952351630,0,/home/mwbc/ped-transit-data/networks/links/link_id_20718,20718
16952352101,471,/home/mwbc/ped-transit-data/networks/links/link_id_20721,20721
16954657094,2305464,/home/mwbc/ped-transit-data/networks/links/link_id_20774,20774
16952364208,12578,/home/mwbc/ped-transit-data/networks/links/link_id_20832,20832
16952459268,107638,/home/mwbc/ped-transit-data/networks/links/link_id_20848,20848
16953017132,665502,/home/mwbc/ped-transit-data/networks/links/link_id_20941,20941
16952351630,0,/home/mwbc/ped-transit-data/networks/links/link_id_2103,2103
16952351630,0,/home/mwbc/ped-transit-data/networks/links/link_id_21148,21148
16952351630,0,/home/mwbc/ped-transit-data/networks/links/link_id_21207,21207
16954267466,1915836,/home/mwbc/ped-transit-data/networks/links/link_id_21429,21429
16953127123,775493,/home/mwbc/ped-transit-data/networks/links/link_id_21565,21565
16954024550,1672920,/home/mwbc/ped-transit-data/networks/links/link_id_21640,21640
16956806134,4454504,/home/mwbc/ped-transit-data/networks/links/link_id_21663,21663
16952343215,-8415,/home/mwbc/ped-transit-data/networks/links/link_id_21914,21914
16952351630,0,/home/mwbc/ped-transit-data/networks/links/link_id_22079,22079
16952351630,0,/home/mwbc/ped-transit-data/networks/links/link_id_22113,22113
16952367086,15456,/home/mwbc/ped-transit-data/networks/links/link_id_22408,22408
16952351630,0,/home/mwbc/ped-transit-data/networks/links/link_id_22496,22496
16968634672,16283042,/home/mwbc/ped-transit-data/networks/links/link_id_22497,22497
16954041036,1689406,/home/mwbc/ped-transit-data/networks/links/link_id_22572,22572
16953364064,1012434,/home/mwbc/ped-transit-data/networks/links/link_id_22604,22604
16952887539,535909,/home/mwbc/ped-transit-data/networks/links/link_id_2270,2270
16952351630,0,/home/mwbc/ped-transit-data/networks/links/link_id_22707,22707
16952351630,0,/home/mwbc/ped-transit-data/networks/links/link_id_22743,22743
16952351630,0,/home/mwbc/ped-transit-data/networks/links/link_id_22753,22753
16952351630,0,/home/mwbc/ped-transit-data/networks/links/link_id_2278,2278
16952351630,0,/home/mwbc/ped-transit-data/networks/links/link_id_22861,22861
16952351630,0,/home/mwbc/ped-transit-data/networks/links/link_id_22961,22961
16952351630,0,/home/mwbc/ped-transit-data/networks/links/link_id_22973,22973
16952351630,0,/home/mwbc/ped-transit-data/networks/links/link_id_23108,23108
16952351630,0,/home/mwbc/ped-transit-data/networks/links/link_id_23219,23219
16952491717,140087,/home/mwbc/ped-transit-data/networks/links/link_id_23244,23244
16952351630,0,/home/mwbc/ped-transit-data/networks/links/link_id_23261,23261
16958005260,5653630,/home/mwbc/ped-transit-data/networks/links/link_id_23415,23415
16953149508,797878,/home/mwbc/ped-transit-data/networks/links/link_id_23471,23471
16952507169,155539,/home/mwbc/ped-transit-data/networks/links/link_id_23660,23660
16955061122,2709492,/home/mwbc/ped-transit-data/networks/links/link_id_23777,23777
16960896162,8544532,/home/mwbc/ped-transit-data/networks/links/link_id_23827,23827
16953524251,1172621,/home/mwbc/ped-transit-data/networks/links/link_id_23831,23831
16952351630,0,/home/mwbc/ped-transit-data/networks/links/link_id_23866,23866
16952351630,0,/home/mwbc/ped-transit-data/networks/links/link_id_24047,24047
16954641856,2290226,/home/mwbc/ped-transit-data/networks/links/link_id_2409,2409
16952351630,0,/home/mwbc/ped-transit-data/networks/links/link_id_2413,2413
16957104289,4752659,/home/mwbc/ped-transit-data/networks/links/link_id_2414,2414
16952351630,0,/home/mwbc/ped-transit-data/networks/links/link_id_24297,24297
16962040604,9688974,/home/mwbc/ped-transit-data/networks/links/link_id_24327,24327
16952351630,0,/home/mwbc/ped-transit-data/networks/links/link_id_24390,24390
16970970857,18619227,/home/mwbc/ped-transit-data/networks/links/link_id_24412,24412
16952557355,205725,/home/mwbc/ped-transit-data/networks/links/link_id_24439,24439
16953851949,1500319,/home/mwbc/ped-transit-data/networks/links/link_id_2451,2451
16952351630,0,/home/mwbc/ped-transit-data/networks/links/link_id_24593,24593
16952351630,0,/home/mwbc/ped-transit-data/networks/links/link_id_24797,24797
16952389765,38135,/home/mwbc/ped-transit-data/networks/links/link_id_24860,24860
16952351630,0,/home/mwbc/ped-transit-data/networks/links/link_id_24931,24931
16952351630,0,/home/mwbc/ped-transit-data/networks/links/link_id_2502,2502
16952370789,19159,/home/mwbc/ped-transit-data/networks/links/link_id_25027,25027
16952351630,0,/home/mwbc/ped-transit-data/networks/links/link_id_25034,25034
16952351630,0,/home/mwbc/ped-transit-data/networks/links/link_id_2504,2504
16952351630,0,/home/mwbc/ped-transit-data/networks/links/link_id_25096,25096
16954258788,1907158,/home/mwbc/ped-transit-data/networks/links/link_id_25209,25209
16953612354,1260724,/home/mwbc/ped-transit-data/networks/links/link_id_25257,25257
16952351630,0,/home/mwbc/ped-transit-data/networks/links/link_id_25386,25386
16952351630,0,/home/mwbc/ped-transit-data/networks/links/link_id_25529,25529
16952359548,7918,/home/mwbc/ped-transit-data/networks/links/link_id_25549,25549
16952870141,518511,/home/mwbc/ped-transit-data/networks/links/link_id_25721,25721
16952372762,21132,/home/mwbc/ped-transit-data/networks/links/link_id_25736,25736
16952351630,0,/home/mwbc/ped-transit-data/networks/links/link_id_25776,25776
16952351630,0,/home/mwbc/ped-transit-data/networks/links/link_id_25857,25857
16953987967,1636337,/home/mwbc/ped-transit-data/networks/links/link_id_25880,25880
16954061616,1709986,/home/mwbc/ped-transit-data/networks/links/link_id_25894,25894
16952351630,0,/home/mwbc/ped-transit-data/networks/links/link_id_25922,25922
16952446996,95366,/home/mwbc/ped-transit-data/networks/links/link_id_2600,2600
16953162115,810485,/home/mwbc/ped-transit-data/networks/links/link_id_2615,2615
16964133898,11782268,/home/mwbc/ped-transit-data/networks/links/link_id_2620,2620
16957271486,4919856,/home/mwbc/ped-transit-data/networks/links/link_id_26202,26202
16953131336,779706,/home/mwbc/ped-transit-data/networks/links/link_id_26223,26223
16952351630,0,/home/mwbc/ped-transit-data/networks/links/link_id_2623,2623
16952382637,31007,/home/mwbc/ped-transit-data/networks/links/link_id_26287,26287
16952351630,0,/home/mwbc/ped-transit-data/networks/links/link_id_26326,26326
16952622511,270881,/home/mwbc/ped-transit-data/networks/links/link_id_26396,26396
16952409510,57880,/home/mwbc/ped-transit-data/networks/links/link_id_26423,26423
16952457242,105612,/home/mwbc/ped-transit-data/networks/links/link_id_26519,26519
16952351630,0,/home/mwbc/ped-transit-data/networks/links/link_id_26524,26524
16952351630,0,/home/mwbc/ped-transit-data/networks/links/link_id_26562,26562
16953385460,1033830,/home/mwbc/ped-transit-data/networks/links/link_id_2659,2659
16952351630,0,/home/mwbc/ped-transit-data/networks/links/link_id_26590,26590
16953047305,695675,/home/mwbc/ped-transit-data/networks/links/link_id_26659,26659
16954839247,2487617,/home/mwbc/ped-transit-data/networks/links/link_id_26743,26743
16952351630,0,/home/mwbc/ped-transit-data/networks/links/link_id_2689,2689
16952351630,0,/home/mwbc/ped-transit-data/networks/links/link_id_26947,26947
16952351630,0,/home/mwbc/ped-transit-data/networks/links/link_id_27015,27015
16952553471,201841,/home/mwbc/ped-transit-data/networks/links/link_id_27058,27058
16952351630,0,/home/mwbc/ped-transit-data/networks/links/link_id_27142,27142
16952351630,0,/home/mwbc/ped-transit-data/networks/links/link_id_27195,27195
16952351630,0,/home/mwbc/ped-transit-data/networks/links/link_id_27229,27229
16954098861,1747231,/home/mwbc/ped-transit-data/networks/links/link_id_27267,27267
16952351630,0,/home/mwbc/ped-transit-data/networks/links/link_id_27381,27381
16952351630,0,/home/mwbc/ped-transit-data/networks/links/link_id_2740,2740
16952380935,29305,/home/mwbc/ped-transit-data/networks/links/link_id_27402,27402
16952351630,0,/home/mwbc/ped-transit-data/networks/links/link_id_27424,27424
17010496011,58144381,/home/mwbc/ped-transit-data/networks/links/link_id_27690,27690
16952352779,1149,/home/mwbc/ped-transit-data/networks/links/link_id_27732,27732
16952351630,0,/home/mwbc/ped-transit-data/networks/links/link_id_27770,27770
16952351973,343,/home/mwbc/ped-transit-data/networks/links/link_id_27822,27822
16952351630,0,/home/mwbc/ped-transit-data/networks/links/link_id_27904,27904
16952351630,0,/home/mwbc/ped-transit-data/networks/links/link_id_27949,27949
16952351630,0,/home/mwbc/ped-transit-data/networks/links/link_id_27951,27951
16952351630,0,/home/mwbc/ped-transit-data/networks/links/link_id_27959,27959
16952351630,0,/home/mwbc/ped-transit-data/networks/links/link_id_27982,27982
16952353051,1421,/home/mwbc/ped-transit-data/networks/links/link_id_28229,28229
16953714748,1363118,/home/mwbc/ped-transit-data/networks/links/link_id_28230,28230
16952351630,0,/home/mwbc/ped-transit-data/networks/links/link_id_28279,28279
16952351630,0,/home/mwbc/ped-transit-data/networks/links/link_id_2829,2829
16952351719,89,/home/mwbc/ped-transit-data/networks/links/link_id_28356,28356
16952508479,156849,/home/mwbc/ped-transit-data/networks/links/link_id_28378,28378
16953102854,751224,/home/mwbc/ped-transit-data/networks/links/link_id_28460,28460
16955706109,3354479,/home/mwbc/ped-transit-data/networks/links/link_id_28523,28523
16952351630,0,/home/mwbc/ped-transit-data/networks/links/link_id_2855,2855
16952351630,0,/home/mwbc/ped-transit-data/networks/links/link_id_28556,28556
16952367761,16131,/home/mwbc/ped-transit-data/networks/links/link_id_2876,2876
16952351630,0,/home/mwbc/ped-transit-data/networks/links/link_id_28861,28861
16952351630,0,/home/mwbc/ped-transit-data/networks/links/link_id_28942,28942
16953530801,1179171,/home/mwbc/ped-transit-data/networks/links/link_id_28990,28990
16952800921,449291,/home/mwbc/ped-transit-data/networks/links/link_id_29063,29063
16952351692,62,/home/mwbc/ped-transit-data/networks/links/link_id_29072,29072
16952351630,0,/home/mwbc/ped-transit-data/networks/links/link_id_29233,29233
16952356021,4391,/home/mwbc/ped-transit-data/networks/links/link_id_29256,29256
16952351630,0,/home/mwbc/ped-transit-data/networks/links/link_id_2926,2926
16952351630,0,/home/mwbc/ped-transit-data/networks/links/link_id_29273,29273
16952392850,41220,/home/mwbc/ped-transit-data/networks/links/link_id_29332,29332
16952351630,0,/home/mwbc/ped-transit-data/networks/links/link_id_29376,29376
16952351630,0,/home/mwbc/ped-transit-data/networks/links/link_id_29386,29386
16953889475,1537845,/home/mwbc/ped-transit-data/networks/links/link_id_29457,29457
16952351630,0,/home/mwbc/ped-transit-data/networks/links/link_id_29571,29571
16952411480,59850,/home/mwbc/ped-transit-data/networks/links/link_id_29590,29590
16952351630,0,/home/mwbc/ped-transit-data/networks/links/link_id_29696,29696
16952351630,0,/home/mwbc/ped-transit-data/networks/links/link_id_29727,29727
16952357022,5392,/home/mwbc/ped-transit-data/networks/links/link_id_29794,29794
16952351630,0,/home/mwbc/ped-transit-data/networks/links/link_id_29932,29932
16952351630,0,/home/mwbc/ped-transit-data/networks/links/link_id_30029,30029
16952351630,0,/home/mwbc/ped-transit-data/networks/links/link_id_30136,30136
16952819848,468218,/home/mwbc/ped-transit-data/networks/links/link_id_30175,30175
16952448336,96706,/home/mwbc/ped-transit-data/networks/links/link_id_30189,30189
16952627850,276220,/home/mwbc/ped-transit-data/networks/links/link_id_30336,30336
16952351630,0,/home/mwbc/ped-transit-data/networks/links/link_id_30369,30369
16952351630,0,/home/mwbc/ped-transit-data/networks/links/link_id_30393,30393
16952351630,0,/home/mwbc/ped-transit-data/networks/links/link_id_30445,30445
16952351630,0,/home/mwbc/ped-transit-data/networks/links/link_id_30631,30631
16952351630,0,/home/mwbc/ped-transit-data/networks/links/link_id_3065,3065
16952351630,0,/home/mwbc/ped-transit-data/networks/links/link_id_30672,30672
16952351630,0,/home/mwbc/ped-transit-data/networks/links/link_id_30699,30699
16952353251,1621,/home/mwbc/ped-transit-data/networks/links/link_id_30747,30747
16952351630,0,/home/mwbc/ped-transit-data/networks/links/link_id_3078,3078
16953878123,1526493,/home/mwbc/ped-transit-data/networks/links/link_id_30805,30805
16952351630,0,/home/mwbc/ped-transit-data/networks/links/link_id_30919,30919
16952351630,0,/home/mwbc/ped-transit-data/networks/links/link_id_31117,31117
16952351630,0,/home/mwbc/ped-transit-data/networks/links/link_id_31208,31208
16952351630,0,/home/mwbc/ped-transit-data/networks/links/link_id_31318,31318
16954924462,2572832,/home/mwbc/ped-transit-data/networks/links/link_id_31399,31399
16952351630,0,/home/mwbc/ped-transit-data/networks/links/link_id_31445,31445
16952351630,0,/home/mwbc/ped-transit-data/networks/links/link_id_31470,31470
16952532968,181338,/home/mwbc/ped-transit-data/networks/links/link_id_31524,31524
16952387131,35501,/home/mwbc/ped-transit-data/networks/links/link_id_31531,31531
16953355023,1003393,/home/mwbc/ped-transit-data/networks/links/link_id_31571,31571
16952418214,66584,/home/mwbc/ped-transit-data/networks/links/link_id_31639,31639
16952565366,213736,/home/mwbc/ped-transit-data/networks/links/link_id_31778,31778
16952351630,0,/home/mwbc/ped-transit-data/networks/links/link_id_3191,3191
16952351630,0,/home/mwbc/ped-transit-data/networks/links/link_id_31939,31939
16952544463,192833,/home/mwbc/ped-transit-data/networks/links/link_id_32048,32048
16952351630,0,/home/mwbc/ped-transit-data/networks/links/link_id_32079,32079
16952351630,0,/home/mwbc/ped-transit-data/networks/links/link_id_32232,32232
16952351630,0,/home/mwbc/ped-transit-data/networks/links/link_id_32305,32305
16952352350,720,/home/mwbc/ped-transit-data/networks/links/link_id_32369,32369
16954690199,2338569,/home/mwbc/ped-transit-data/networks/links/link_id_3237,3237
16952351630,0,/home/mwbc/ped-transit-data/networks/links/link_id_32428,32428
16952358214,6584,/home/mwbc/ped-transit-data/networks/links/link_id_32451,32451
16966449536,14097906,/home/mwbc/ped-transit-data/networks/links/link_id_32520,32520
16952356597,4967,/home/mwbc/ped-transit-data/networks/links/link_id_32594,32594
16952351630,0,/home/mwbc/ped-transit-data/networks/links/link_id_32713,32713
16952351630,0,/home/mwbc/ped-transit-data/networks/links/link_id_32724,32724
16952602599,250969,/home/mwbc/ped-transit-data/networks/links/link_id_32734,32734
16953782717,1431087,/home/mwbc/ped-transit-data/networks/links/link_id_32922,32922
16952351630,0,/home/mwbc/ped-transit-data/networks/links/link_id_32960,32960
16952414237,62607,/home/mwbc/ped-transit-data/networks/links/link_id_33089,33089
16956360406,4008776,/home/mwbc/ped-transit-data/networks/links/link_id_33117,33117
16952351630,0,/home/mwbc/ped-transit-data/networks/links/link_id_33220,33220
16952351630,0,/home/mwbc/ped-transit-data/networks/links/link_id_33379,33379
16952351630,0,/home/mwbc/ped-transit-data/networks/links/link_id_3339,3339
16952351630,0,/home/mwbc/ped-transit-data/networks/links/link_id_33409,33409
16952351630,0,/home/mwbc/ped-transit-data/networks/links/link_id_3342,3342
16955356842,3005212,/home/mwbc/ped-transit-data/networks/links/link_id_33453,33453
16952356184,4554,/home/mwbc/ped-transit-data/networks/links/link_id_33505,33505
16952374058,22428,/home/mwbc/ped-transit-data/networks/links/link_id_3352,3352
16952351630,0,/home/mwbc/ped-transit-data/networks/links/link_id_33525,33525
16952351630,0,/home/mwbc/ped-transit-data/networks/links/link_id_33535,33535
16952351630,0,/home/mwbc/ped-transit-data/networks/links/link_id_33540,33540
16952351630,0,/home/mwbc/ped-transit-data/networks/links/link_id_33572,33572
16952425300,73670,/home/mwbc/ped-transit-data/networks/links/link_id_33602,33602
16964113907,11762277,/home/mwbc/ped-transit-data/networks/links/link_id_3374,3374
16952351630,0,/home/mwbc/ped-transit-data/networks/links/link_id_33862,33862
16952377005,25375,/home/mwbc/ped-transit-data/networks/links/link_id_3387,3387
16952992285,640655,/home/mwbc/ped-transit-data/networks/links/link_id_33919,33919
16952351630,0,/home/mwbc/ped-transit-data/networks/links/link_id_34022,34022
16952351630,0,/home/mwbc/ped-transit-data/networks/links/link_id_3403,3403
16952351630,0,/home/mwbc/ped-transit-data/networks/links/link_id_34031,34031
16952351630,0,/home/mwbc/ped-transit-data/networks/links/link_id_34082,34082
16953326188,974558,/home/mwbc/ped-transit-data/networks/links/link_id_34123,34123
16952454182,102552,/home/mwbc/ped-transit-data/networks/links/link_id_34168,34168
16952857521,505891,/home/mwbc/ped-transit-data/networks/links/link_id_34204,34204
16952980608,628978,/home/mwbc/ped-transit-data/networks/links/link_id_34258,34258
16952626331,274701,/home/mwbc/ped-transit-data/networks/links/link_id_34275,34275
16952351630,0,/home/mwbc/ped-transit-data/networks/links/link_id_34506,34506
16952351630,0,/home/mwbc/ped-transit-data/networks/links/link_id_34600,34600
16952351630,0,/home/mwbc/ped-transit-data/networks/links/link_id_34637,34637
16953992395,1640765,/home/mwbc/ped-transit-data/networks/links/link_id_34719,34719
16952355458,3828,/home/mwbc/ped-transit-data/networks/links/link_id_34760,34760
16952351630,0,/home/mwbc/ped-transit-data/networks/links/link_id_34807,34807
16952375354,23724,/home/mwbc/ped-transit-data/networks/links/link_id_34839,34839
16965298258,12946628,/home/mwbc/ped-transit-data/networks/links/link_id_34917,34917
16952565189,213559,/home/mwbc/ped-transit-data/networks/links/link_id_34928,34928
16953548897,1197267,/home/mwbc/ped-transit-data/networks/links/link_id_35017,35017
16952351630,0,/home/mwbc/ped-transit-data/networks/links/link_id_35025,35025
16952351630,0,/home/mwbc/ped-transit-data/networks/links/link_id_35117,35117
16952351630,0,/home/mwbc/ped-transit-data/networks/links/link_id_35123,35123
16952351630,0,/home/mwbc/ped-transit-data/networks/links/link_id_35192,35192
16967988585,15636955,/home/mwbc/ped-transit-data/networks/links/link_id_35263,35263
16952351630,0,/home/mwbc/ped-transit-data/networks/links/link_id_35368,35368
16952356622,4992,/home/mwbc/ped-transit-data/networks/links/link_id_355,355
16952351630,0,/home/mwbc/ped-transit-data/networks/links/link_id_35508,35508
16952858782,507152,/home/mwbc/ped-transit-data/networks/links/link_id_35509,35509
16952351630,0,/home/mwbc/ped-transit-data/networks/links/link_id_35858,35858
16952351630,0,/home/mwbc/ped-transit-data/networks/links/link_id_3592,3592
16952370296,18666,/home/mwbc/ped-transit-data/networks/links/link_id_35953,35953
16952400144,48514,/home/mwbc/ped-transit-data/networks/links/link_id_35955,35955
16952698232,346602,/home/mwbc/ped-transit-data/networks/links/link_id_36017,36017
16952542389,190759,/home/mwbc/ped-transit-data/networks/links/link_id_36086,36086
16952351630,0,/home/mwbc/ped-transit-data/networks/links/link_id_36138,36138
16952387677,36047,/home/mwbc/ped-transit-data/networks/links/link_id_36242,36242
16969771772,17420142,/home/mwbc/ped-transit-data/networks/links/link_id_36254,36254
16952491238,139608,/home/mwbc/ped-transit-data/networks/links/link_id_36323,36323
16952351630,0,/home/mwbc/ped-transit-data/networks/links/link_id_36324,36324
16953838742,1487112,/home/mwbc/ped-transit-data/networks/links/link_id_36382,36382
16952351630,0,/home/mwbc/ped-transit-data/networks/links/link_id_36394,36394
16952359126,7496,/home/mwbc/ped-transit-data/networks/links/link_id_3644,3644
16952351630,0,/home/mwbc/ped-transit-data/networks/links/link_id_36687,36687
16955717366,3365736,/home/mwbc/ped-transit-data/networks/links/link_id_36795,36795
16952351630,0,/home/mwbc/ped-transit-data/networks/links/link_id_36809,36809
16952372677,21047,/home/mwbc/ped-transit-data/networks/links/link_id_36880,36880
16952351630,0,/home/mwbc/ped-transit-data/networks/links/link_id_36954,36954
16952351630,0,/home/mwbc/ped-transit-data/networks/links/link_id_37009,37009
16952366318,14688,/home/mwbc/ped-transit-data/networks/links/link_id_37042,37042
16952368769,17139,/home/mwbc/ped-transit-data/networks/links/link_id_37154,37154
16952624624,272994,/home/mwbc/ped-transit-data/networks/links/link_id_37209,37209
16952351630,0,/home/mwbc/ped-transit-data/networks/links/link_id_37317,37317
16953276631,925001,/home/mwbc/ped-transit-data/networks/links/link_id_37337,37337
16952351630,0,/home/mwbc/ped-transit-data/networks/links/link_id_37450,37450
16952351630,0,/home/mwbc/ped-transit-data/networks/links/link_id_37674,37674
16952694523,342893,/home/mwbc/ped-transit-data/networks/links/link_id_37708,37708
16952838927,487297,/home/mwbc/ped-transit-data/networks/links/link_id_37738,37738
16952351630,0,/home/mwbc/ped-transit-data/networks/links/link_id_37793,37793
16952352557,927,/home/mwbc/ped-transit-data/networks/links/link_id_37875,37875
16952835821,484191,/home/mwbc/ped-transit-data/networks/links/link_id_37877,37877
16952352370,740,/home/mwbc/ped-transit-data/networks/links/link_id_37879,37879
16954615782,2264152,/home/mwbc/ped-transit-data/networks/links/link_id_38011,38011
16952351630,0,/home/mwbc/ped-transit-data/networks/links/link_id_38059,38059
16952376662,25032,/home/mwbc/ped-transit-data/networks/links/link_id_38112,38112
16952434744,83114,/home/mwbc/ped-transit-data/networks/links/link_id_38189,38189
16952351630,0,/home/mwbc/ped-transit-data/networks/links/link_id_38190,38190
16952584516,232886,/home/mwbc/ped-transit-data/networks/links/link_id_38239,38239
16952351630,0,/home/mwbc/ped-transit-data/networks/links/link_id_3830,3830
16953433546,1081916,/home/mwbc/ped-transit-data/networks/links/link_id_38341,38341
16955234362,2882732,/home/mwbc/ped-transit-data/networks/links/link_id_38345,38345
16953010829,659199,/home/mwbc/ped-transit-data/networks/links/link_id_38372,38372
16952355230,3600,/home/mwbc/ped-transit-data/networks/links/link_id_38402,38402
16952355513,3883,/home/mwbc/ped-transit-data/networks/links/link_id_38408,38408
16952351630,0,/home/mwbc/ped-transit-data/networks/links/link_id_38416,38416
16952635266,283636,/home/mwbc/ped-transit-data/networks/links/link_id_38587,38587
16952351630,0,/home/mwbc/ped-transit-data/networks/links/link_id_38599,38599
16952351630,0,/home/mwbc/ped-transit-data/networks/links/link_id_38608,38608
16952351630,0,/home/mwbc/ped-transit-data/networks/links/link_id_38680,38680
16952351630,0,/home/mwbc/ped-transit-data/networks/links/link_id_38710,38710
16952351630,0,/home/mwbc/ped-transit-data/networks/links/link_id_38740,38740
16953284042,932412,/home/mwbc/ped-transit-data/networks/links/link_id_38830,38830
16954560631,2209001,/home/mwbc/ped-transit-data/networks/links/link_id_38848,38848
16952351630,0,/home/mwbc/ped-transit-data/networks/links/link_id_38928,38928
16989971137,37619507,/home/mwbc/ped-transit-data/networks/links/link_id_38993,38993
16952351630,0,/home/mwbc/ped-transit-data/networks/links/link_id_39035,39035
16952351630,0,/home/mwbc/ped-transit-data/networks/links/link_id_39126,39126
16952351630,0,/home/mwbc/ped-transit-data/networks/links/link_id_39197,39197
16953101907,750277,/home/mwbc/ped-transit-data/networks/links/link_id_39289,39289
16952356474,4844,/home/mwbc/ped-transit-data/networks/links/link_id_39366,39366
16952351630,0,/home/mwbc/ped-transit-data/networks/links/link_id_39398,39398
16955779817,3428187,/home/mwbc/ped-transit-data/networks/links/link_id_39437,39437
16953206356,854726,/home/mwbc/ped-transit-data/networks/links/link_id_3953,3953
16952354178,2548,/home/mwbc/ped-transit-data/networks/links/link_id_39530,39530
16952451632,100002,/home/mwbc/ped-transit-data/networks/links/link_id_39535,39535
16952351630,0,/home/mwbc/ped-transit-data/networks/links/link_id_39817,39817
16952351630,0,/home/mwbc/ped-transit-data/networks/links/link_id_39870,39870
16952351630,0,/home/mwbc/ped-transit-data/networks/links/link_id_39986,39986
16952351630,0,/home/mwbc/ped-transit-data/networks/links/link_id_40008,40008
16953047270,695640,/home/mwbc/ped-transit-data/networks/links/link_id_40137,40137
16952351630,0,/home/mwbc/ped-transit-data/networks/links/link_id_40223,40223
16953822462,1470832,/home/mwbc/ped-transit-data/networks/links/link_id_40232,40232
16952351630,0,/home/mwbc/ped-transit-data/networks/links/link_id_40246,40246
16952351630,0,/home/mwbc/ped-transit-data/networks/links/link_id_40325,40325
16952362517,10887,/home/mwbc/ped-transit-data/networks/links/link_id_40461,40461
16952071832,-279798,/home/mwbc/ped-transit-data/networks/links/link_id_40463,40463
16952351630,0,/home/mwbc/ped-transit-data/networks/links/link_id_40486,40486
16953179614,827984,/home/mwbc/ped-transit-data/networks/links/link_id_4051,4051
16954598955,2247325,/home/mwbc/ped-transit-data/networks/links/link_id_4058,4058
16952351630,0,/home/mwbc/ped-transit-data/networks/links/link_id_40673,40673
16952351378,-252,/home/mwbc/ped-transit-data/networks/links/link_id_40676,40676
16952351630,0,/home/mwbc/ped-transit-data/networks/links/link_id_40732,40732
16952351630,0,/home/mwbc/ped-transit-data/networks/links/link_id_40844,40844
16953755230,1403600,/home/mwbc/ped-transit-data/networks/links/link_id_40951,40951
16952351630,0,/home/mwbc/ped-transit-data/networks/links/link_id_41125,41125
16952351630,0,/home/mwbc/ped-transit-data/networks/links/link_id_41166,41166
16952351630,0,/home/mwbc/ped-transit-data/networks/links/link_id_41170,41170
16952508002,156372,/home/mwbc/ped-transit-data/networks/links/link_id_41283,41283
16960200039,7848409,/home/mwbc/ped-transit-data/networks/links/link_id_41380,41380
16952351630,0,/home/mwbc/ped-transit-data/networks/links/link_id_414,414
16954727685,2376055,/home/mwbc/ped-transit-data/networks/links/link_id_4141,4141
16952853064,501434,/home/mwbc/ped-transit-data/networks/links/link_id_41441,41441
16956555361,4203731,/home/mwbc/ped-transit-data/networks/links/link_id_41552,41552
16952346778,-4852,/home/mwbc/ped-transit-data/networks/links/link_id_41591,41591
16952337188,-14442,/home/mwbc/ped-transit-data/networks/links/link_id_41745,41745
16961307151,8955521,/home/mwbc/ped-transit-data/networks/links/link_id_41928,41928
16952351630,0,/home/mwbc/ped-transit-data/networks/links/link_id_41963,41963
16958719822,6368192,/home/mwbc/ped-transit-data/networks/links/link_id_41973,41973
16952351630,0,/home/mwbc/ped-transit-data/networks/links/link_id_4201,4201
16955630624,3278994,/home/mwbc/ped-transit-data/networks/links/link_id_42051,42051
16952941910,590280,/home/mwbc/ped-transit-data/networks/links/link_id_42084,42084
16952396829,45199,/home/mwbc/ped-transit-data/networks/links/link_id_42154,42154
16952819427,467797,/home/mwbc/ped-transit-data/networks/links/link_id_42184,42184
17010598475,58246845,/home/mwbc/ped-transit-data/networks/links/link_id_42227,42227
16952351630,0,/home/mwbc/ped-transit-data/networks/links/link_id_4225,4225
16952767265,415635,/home/mwbc/ped-transit-data/networks/links/link_id_42403,42403
16952744497,392867,/home/mwbc/ped-transit-data/networks/links/link_id_42433,42433
16952393462,41832,/home/mwbc/ped-transit-data/networks/links/link_id_42460,42460
16952716712,365082,/home/mwbc/ped-transit-data/networks/links/link_id_42555,42555
16953400831,1049201,/home/mwbc/ped-transit-data/networks/links/link_id_42575,42575
16952351630,0,/home/mwbc/ped-transit-data/networks/links/link_id_4278,4278
16952946941,595311,/home/mwbc/ped-transit-data/networks/links/link_id_42915,42915
16952567136,215506,/home/mwbc/ped-transit-data/networks/links/link_id_42941,42941
16952351630,0,/home/mwbc/ped-transit-data/networks/links/link_id_42951,42951
16953781095,1429465,/home/mwbc/ped-transit-data/networks/links/link_id_42961,42961
16952351630,0,/home/mwbc/ped-transit-data/networks/links/link_id_42972,42972
16952351611,-19,/home/mwbc/ped-transit-data/networks/links/link_id_43000,43000
16952351630,0,/home/mwbc/ped-transit-data/networks/links/link_id_4302,4302
16952875322,523692,/home/mwbc/ped-transit-data/networks/links/link_id_43020,43020
16970056702,17705072,/home/mwbc/ped-transit-data/networks/links/link_id_43084,43084
16952611820,260190,/home/mwbc/ped-transit-data/networks/links/link_id_43102,43102
16952351630,0,/home/mwbc/ped-transit-data/networks/links/link_id_43258,43258
16952352905,1275,/home/mwbc/ped-transit-data/networks/links/link_id_43261,43261
16952351630,0,/home/mwbc/ped-transit-data/networks/links/link_id_43274,43274
16952938645,587015,/home/mwbc/ped-transit-data/networks/links/link_id_43310,43310
16952351630,0,/home/mwbc/ped-transit-data/networks/links/link_id_43329,43329
16952351642,12,/home/mwbc/ped-transit-data/networks/links/link_id_4335,4335
16952351630,0,/home/mwbc/ped-transit-data/networks/links/link_id_43371,43371
16952351630,0,/home/mwbc/ped-transit-data/networks/links/link_id_43490,43490
16952514478,162848,/home/mwbc/ped-transit-data/networks/links/link_id_43518,43518
16954081482,1729852,/home/mwbc/ped-transit-data/networks/links/link_id_43661,43661
16953427576,1075946,/home/mwbc/ped-transit-data/networks/links/link_id_43663,43663
16958908008,6556378,/home/mwbc/ped-transit-data/networks/links/link_id_43691,43691
16952351630,0,/home/mwbc/ped-transit-data/networks/links/link_id_43797,43797
16952351630,0,/home/mwbc/ped-transit-data/networks/links/link_id_43864,43864
16954154957,1803327,/home/mwbc/ped-transit-data/networks/links/link_id_43909,43909
16973333859,20982229,/home/mwbc/ped-transit-data/networks/links/link_id_44032,44032
16954705175,2353545,/home/mwbc/ped-transit-data/networks/links/link_id_44072,44072
16952351630,0,/home/mwbc/ped-transit-data/networks/links/link_id_44161,44161
16952351630,0,/home/mwbc/ped-transit-data/networks/links/link_id_44386,44386
16952351630,0,/home/mwbc/ped-transit-data/networks/links/link_id_44391,44391
16952903170,551540,/home/mwbc/ped-transit-data/networks/links/link_id_44427,44427
16952351630,0,/home/mwbc/ped-transit-data/networks/links/link_id_44435,44435
16952488187,136557,/home/mwbc/ped-transit-data/networks/links/link_id_44541,44541
16952351630,0,/home/mwbc/ped-transit-data/networks/links/link_id_44695,44695
16952351630,0,/home/mwbc/ped-transit-data/networks/links/link_id_44744,44744
16952351630,0,/home/mwbc/ped-transit-data/networks/links/link_id_44759,44759
16952422570,70940,/home/mwbc/ped-transit-data/networks/links/link_id_4482,4482
16952351630,0,/home/mwbc/ped-transit-data/networks/links/link_id_4489,4489
16952351630,0,/home/mwbc/ped-transit-data/networks/links/link_id_44896,44896
16952375627,23997,/home/mwbc/ped-transit-data/networks/links/link_id_44898,44898
16952331630,-20000,/home/mwbc/ped-transit-data/networks/links/link_id_44988,44988
16952359640,8010,/home/mwbc/ped-transit-data/networks/links/link_id_45041,45041
16952351630,0,/home/mwbc/ped-transit-data/networks/links/link_id_45042,45042
16952351630,0,/home/mwbc/ped-transit-data/networks/links/link_id_45236,45236
16952379890,28260,/home/mwbc/ped-transit-data/networks/links/link_id_45295,45295
16952880431,528801,/home/mwbc/ped-transit-data/networks/links/link_id_45303,45303
16952351630,0,/home/mwbc/ped-transit-data/networks/links/link_id_45338,45338
16952750155,398525,/home/mwbc/ped-transit-data/networks/links/link_id_45486,45486
16952351630,0,/home/mwbc/ped-transit-data/networks/links/link_id_4552,4552
16952351630,0,/home/mwbc/ped-transit-data/networks/links/link_id_45595,45595
16952351630,0,/home/mwbc/ped-transit-data/networks/links/link_id_45658,45658
16952435168,83538,/home/mwbc/ped-transit-data/networks/links/link_id_45671,45671
16952420797,69167,/home/mwbc/ped-transit-data/networks/links/link_id_45738,45738
16953793043,1441413,/home/mwbc/ped-transit-data/networks/links/link_id_45766,45766
16952526498,174868,/home/mwbc/ped-transit-data/networks/links/link_id_45896,45896
16952351630,0,/home/mwbc/ped-transit-data/networks/links/link_id_45984,45984
16952669477,317847,/home/mwbc/ped-transit-data/networks/links/link_id_46026,46026
16954957605,2605975,/home/mwbc/ped-transit-data/networks/links/link_id_46060,46060
16952351630,0,/home/mwbc/ped-transit-data/networks/links/link_id_46069,46069
16952351630,0,/home/mwbc/ped-transit-data/networks/links/link_id_46267,46267
16952445438,93808,/home/mwbc/ped-transit-data/networks/links/link_id_46386,46386
16953099934,748304,/home/mwbc/ped-transit-data/networks/links/link_id_46693,46693
16952351630,0,/home/mwbc/ped-transit-data/networks/links/link_id_46697,46697
16952351630,0,/home/mwbc/ped-transit-data/networks/links/link_id_46740,46740
16952351630,0,/home/mwbc/ped-transit-data/networks/links/link_id_46845,46845
16952351630,0,/home/mwbc/ped-transit-data/networks/links/link_id_46871,46871
16952392524,40894,/home/mwbc/ped-transit-data/networks/links/link_id_46993,46993
16952351630,0,/home/mwbc/ped-transit-data/networks/links/link_id_47015,47015
16953542153,1190523,/home/mwbc/ped-transit-data/networks/links/link_id_47062,47062
16954305230,1953600,/home/mwbc/ped-transit-data/networks/links/link_id_47064,47064
16952351630,0,/home/mwbc/ped-transit-data/networks/links/link_id_4719,4719
16952649110,297480,/home/mwbc/ped-transit-data/networks/links/link_id_47240,47240
16952351630,0,/home/mwbc/ped-transit-data/networks/links/link_id_47347,47347
16952356532,4902,/home/mwbc/ped-transit-data/networks/links/link_id_47454,47454
16952351630,0,/home/mwbc/ped-transit-data/networks/links/link_id_47473,47473
16952355525,3895,/home/mwbc/ped-transit-data/networks/links/link_id_47570,47570
16952351630,0,/home/mwbc/ped-transit-data/networks/links/link_id_47724,47724
16952351630,0,/home/mwbc/ped-transit-data/networks/links/link_id_4781,4781
16952427300,75670,/home/mwbc/ped-transit-data/networks/links/link_id_47819,47819
16952351630,0,/home/mwbc/ped-transit-data/networks/links/link_id_47831,47831
16956649070,4297440,/home/mwbc/ped-transit-data/networks/links/link_id_47847,47847
16952351630,0,/home/mwbc/ped-transit-data/networks/links/link_id_479,479
16952351630,0,/home/mwbc/ped-transit-data/networks/links/link_id_47941,47941
16955525808,3174178,/home/mwbc/ped-transit-data/networks/links/link_id_47999,47999
16953000898,649268,/home/mwbc/ped-transit-data/networks/links/link_id_4801,4801
16952351630,0,/home/mwbc/ped-transit-data/networks/links/link_id_48225,48225
16952351630,0,/home/mwbc/ped-transit-data/networks/links/link_id_48248,48248
16952351630,0,/home/mwbc/ped-transit-data/networks/links/link_id_48260,48260
16952351630,0,/home/mwbc/ped-transit-data/networks/links/link_id_48370,48370
16952351630,0,/home/mwbc/ped-transit-data/networks/links/link_id_48378,48378
16952351630,0,/home/mwbc/ped-transit-data/networks/links/link_id_48391,48391
16952455050,103420,/home/mwbc/ped-transit-data/networks/links/link_id_48420,48420
16952816978,465348,/home/mwbc/ped-transit-data/networks/links/link_id_48454,48454
16953532331,1180701,/home/mwbc/ped-transit-data/networks/links/link_id_48485,48485
16952351630,0,/home/mwbc/ped-transit-data/networks/links/link_id_48530,48530
16952370485,18855,/home/mwbc/ped-transit-data/networks/links/link_id_48569,48569
16952351630,0,/home/mwbc/ped-transit-data/networks/links/link_id_48580,48580
16952351630,0,/home/mwbc/ped-transit-data/networks/links/link_id_48593,48593
16952351630,0,/home/mwbc/ped-transit-data/networks/links/link_id_48605,48605
16952351630,0,/home/mwbc/ped-transit-data/networks/links/link_id_48716,48716
16952471592,119962,/home/mwbc/ped-transit-data/networks/links/link_id_48725,48725
16952628136,276506,/home/mwbc/ped-transit-data/networks/links/link_id_48743,48743
16952767654,416024,/home/mwbc/ped-transit-data/networks/links/link_id_48760,48760
16952351630,0,/home/mwbc/ped-transit-data/networks/links/link_id_48810,48810
16952351630,0,/home/mwbc/ped-transit-data/networks/links/link_id_48847,48847
16960787822,8436192,/home/mwbc/ped-transit-data/networks/links/link_id_48901,48901
16952351630,0,/home/mwbc/ped-transit-data/networks/links/link_id_49346,49346
16952232781,-118849,/home/mwbc/ped-transit-data/networks/links/link_id_49528,49528
16952351630,0,/home/mwbc/ped-transit-data/networks/links/link_id_49564,49564
16955855898,3504268,/home/mwbc/ped-transit-data/networks/links/link_id_49573,49573
16952935850,584220,/home/mwbc/ped-transit-data/networks/links/link_id_49752,49752
16952351630,0,/home/mwbc/ped-transit-data/networks/links/link_id_49755,49755
16952351630,0,/home/mwbc/ped-transit-data/networks/links/link_id_49924,49924
16952351630,0,/home/mwbc/ped-transit-data/networks/links/link_id_50074,50074
16952351630,0,/home/mwbc/ped-transit-data/networks/links/link_id_50093,50093
16952424551,72921,/home/mwbc/ped-transit-data/networks/links/link_id_50124,50124
16956147909,3796279,/home/mwbc/ped-transit-data/networks/links/link_id_5017,5017
16952351630,0,/home/mwbc/ped-transit-data/networks/links/link_id_50172,50172
16952913832,562202,/home/mwbc/ped-transit-data/networks/links/link_id_50241,50241
16953271342,919712,/home/mwbc/ped-transit-data/networks/links/link_id_50242,50242
16952919527,567897,/home/mwbc/ped-transit-data/networks/links/link_id_50294,50294
16955139279,2787649,/home/mwbc/ped-transit-data/networks/links/link_id_50306,50306
16953015884,664254,/home/mwbc/ped-transit-data/networks/links/link_id_50444,50444
16952409761,58131,/home/mwbc/ped-transit-data/networks/links/link_id_50447,50447
16952351630,0,/home/mwbc/ped-transit-data/networks/links/link_id_50489,50489
16952351630,0,/home/mwbc/ped-transit-data/networks/links/link_id_50554,50554
16952351630,0,/home/mwbc/ped-transit-data/networks/links/link_id_50576,50576
16952374518,22888,/home/mwbc/ped-transit-data/networks/links/link_id_50614,50614
16952366138,14508,/home/mwbc/ped-transit-data/networks/links/link_id_50727,50727
16952351630,0,/home/mwbc/ped-transit-data/networks/links/link_id_50739,50739
16952351630,0,/home/mwbc/ped-transit-data/networks/links/link_id_50839,50839
16952391335,39705,/home/mwbc/ped-transit-data/networks/links/link_id_50852,50852
16952351630,0,/home/mwbc/ped-transit-data/networks/links/link_id_50899,50899
16952351630,0,/home/mwbc/ped-transit-data/networks/links/link_id_5092,5092
16952462764,111134,/home/mwbc/ped-transit-data/networks/links/link_id_51034,51034
16952378178,26548,/home/mwbc/ped-transit-data/networks/links/link_id_51046,51046
16965805646,13454016,/home/mwbc/ped-transit-data/networks/links/link_id_511,511
16952351630,0,/home/mwbc/ped-transit-data/networks/links/link_id_51303,51303
16952402060,50430,/home/mwbc/ped-transit-data/networks/links/link_id_51415,51415
16959375307,7023677,/home/mwbc/ped-transit-data/networks/links/link_id_51430,51430
16952862499,510869,/home/mwbc/ped-transit-data/networks/links/link_id_51450,51450
16957061686,4710056,/home/mwbc/ped-transit-data/networks/links/link_id_51467,51467
16954420337,2068707,/home/mwbc/ped-transit-data/networks/links/link_id_5148,5148
16952358374,6744,/home/mwbc/ped-transit-data/networks/links/link_id_51529,51529
16952351897,267,/home/mwbc/ped-transit-data/networks/links/link_id_51853,51853
16952351630,0,/home/mwbc/ped-transit-data/networks/links/link_id_51899,51899
16952450062,98432,/home/mwbc/ped-transit-data/networks/links/link_id_51924,51924
16952351630,0,/home/mwbc/ped-transit-data/networks/links/link_id_52075,52075
16952351630,0,/home/mwbc/ped-transit-data/networks/links/link_id_5215,5215
16952359755,8125,/home/mwbc/ped-transit-data/networks/links/link_id_5219,5219
16952351630,0,/home/mwbc/ped-transit-data/networks/links/link_id_52210,52210
16952351630,0,/home/mwbc/ped-transit-data/networks/links/link_id_52229,52229
16953012069,660439,/home/mwbc/ped-transit-data/networks/links/link_id_52282,52282
16962067143,9715513,/home/mwbc/ped-transit-data/networks/links/link_id_52313,52313
16952351630,0,/home/mwbc/ped-transit-data/networks/links/link_id_52332,52332
16959373774,7022144,/home/mwbc/ped-transit-data/networks/links/link_id_52409,52409
16952351630,0,/home/mwbc/ped-transit-data/networks/links/link_id_5244,5244
16952351630,0,/home/mwbc/ped-transit-data/networks/links/link_id_52464,52464
16952356942,5312,/home/mwbc/ped-transit-data/networks/links/link_id_52496,52496
16952351630,0,/home/mwbc/ped-transit-data/networks/links/link_id_52525,52525
16952351630,0,/home/mwbc/ped-transit-data/networks/links/link_id_5255,5255
16952596883,245253,/home/mwbc/ped-transit-data/networks/links/link_id_52560,52560
16952512150,160520,/home/mwbc/ped-transit-data/networks/links/link_id_5267,5267
16952351630,0,/home/mwbc/ped-transit-data/networks/links/link_id_52671,52671
16952352027,397,/home/mwbc/ped-transit-data/networks/links/link_id_5270,5270
16952351630,0,/home/mwbc/ped-transit-data/networks/links/link_id_5272,5272
16952351630,0,/home/mwbc/ped-transit-data/networks/links/link_id_52725,52725
16952741408,389778,/home/mwbc/ped-transit-data/networks/links/link_id_52795,52795
16952359938,8308,/home/mwbc/ped-transit-data/networks/links/link_id_52801,52801
16952351630,0,/home/mwbc/ped-transit-data/networks/links/link_id_5282,5282
16955270222,2918592,/home/mwbc/ped-transit-data/networks/links/link_id_5286,5286
16952351440,-190,/home/mwbc/ped-transit-data/networks/links/link_id_5294,5294
16952351630,0,/home/mwbc/ped-transit-data/networks/links/link_id_52979,52979
16952351630,0,/home/mwbc/ped-transit-data/networks/links/link_id_53027,53027
16952351630,0,/home/mwbc/ped-transit-data/networks/links/link_id_5303,5303
16952351630,0,/home/mwbc/ped-transit-data/networks/links/link_id_53210,53210
16954941830,2590200,/home/mwbc/ped-transit-data/networks/links/link_id_53291,53291
16952356704,5074,/home/mwbc/ped-transit-data/networks/links/link_id_53319,53319
16952351630,0,/home/mwbc/ped-transit-data/networks/links/link_id_53332,53332
16952351630,0,/home/mwbc/ped-transit-data/networks/links/link_id_53338,53338
16952369628,17998,/home/mwbc/ped-transit-data/networks/links/link_id_53343,53343
16952351630,0,/home/mwbc/ped-transit-data/networks/links/link_id_53388,53388
16952351630,0,/home/mwbc/ped-transit-data/networks/links/link_id_53434,53434
16952471827,120197,/home/mwbc/ped-transit-data/networks/links/link_id_53542,53542
16953590560,1238930,/home/mwbc/ped-transit-data/networks/links/link_id_53661,53661
16952351630,0,/home/mwbc/ped-transit-data/networks/links/link_id_53691,53691
16952351630,0,/home/mwbc/ped-transit-data/networks/links/link_id_53713,53713
16952351630,0,/home/mwbc/ped-transit-data/networks/links/link_id_53819,53819
16953720597,1368967,/home/mwbc/ped-transit-data/networks/links/link_id_53843,53843
16954566056,2214426,/home/mwbc/ped-transit-data/networks/links/link_id_53874,53874
16952351666,36,/home/mwbc/ped-transit-data/networks/links/link_id_5392,5392
16952351630,0,/home/mwbc/ped-transit-data/networks/links/link_id_53958,53958
16952351630,0,/home/mwbc/ped-transit-data/networks/links/link_id_54033,54033
16952351630,0,/home/mwbc/ped-transit-data/networks/links/link_id_54037,54037
16952351630,0,/home/mwbc/ped-transit-data/networks/links/link_id_54150,54150
16952351630,0,/home/mwbc/ped-transit-data/networks/links/link_id_54203,54203
16955980624,3628994,/home/mwbc/ped-transit-data/networks/links/link_id_54276,54276
16952953579,601949,/home/mwbc/ped-transit-data/networks/links/link_id_54370,54370
16952351630,0,/home/mwbc/ped-transit-data/networks/links/link_id_54414,54414
16952413745,62115,/home/mwbc/ped-transit-data/networks/links/link_id_54607,54607
16952351630,0,/home/mwbc/ped-transit-data/networks/links/link_id_54616,54616
16952942096,590466,/home/mwbc/ped-transit-data/networks/links/link_id_54632,54632
16952980294,628664,/home/mwbc/ped-transit-data/networks/links/link_id_547,547
16952351630,0,/home/mwbc/ped-transit-data/networks/links/link_id_54736,54736
16952352518,888,/home/mwbc/ped-transit-data/networks/links/link_id_54873,54873
16952406110,54480,/home/mwbc/ped-transit-data/networks/links/link_id_54892,54892
16952351630,0,/home/mwbc/ped-transit-data/networks/links/link_id_55032,55032
16952351630,0,/home/mwbc/ped-transit-data/networks/links/link_id_55105,55105
16952351630,0,/home/mwbc/ped-transit-data/networks/links/link_id_55153,55153
16952351630,0,/home/mwbc/ped-transit-data/networks/links/link_id_55242,55242
16952351630,0,/home/mwbc/ped-transit-data/networks/links/link_id_55285,55285
16952351630,0,/home/mwbc/ped-transit-data/networks/links/link_id_5532,5532
16956271084,3919454,/home/mwbc/ped-transit-data/networks/links/link_id_55369,55369
16912732035,-39619595,/home/mwbc/ped-transit-data/networks/links/link_id_55593,55593
16952757942,406312,/home/mwbc/ped-transit-data/networks/links/link_id_55621,55621
16952351630,0,/home/mwbc/ped-transit-data/networks/links/link_id_55700,55700
16952351630,0,/home/mwbc/ped-transit-data/networks/links/link_id_5580,5580
16952351630,0,/home/mwbc/ped-transit-data/networks/links/link_id_55883,55883
16952351630,0,/home/mwbc/ped-transit-data/networks/links/link_id_55958,55958
16952351630,0,/home/mwbc/ped-transit-data/networks/links/link_id_56044,56044
16952351630,0,/home/mwbc/ped-transit-data/networks/links/link_id_56057,56057
16952353242,1612,/home/mwbc/ped-transit-data/networks/links/link_id_56061,56061
16955954916,3603286,/home/mwbc/ped-transit-data/networks/links/link_id_56111,56111
16952818428,466798,/home/mwbc/ped-transit-data/networks/links/link_id_56142,56142
16955385469,3033839,/home/mwbc/ped-transit-data/networks/links/link_id_56231,56231
16952351630,0,/home/mwbc/ped-transit-data/networks/links/link_id_56264,56264
16952351630,0,/home/mwbc/ped-transit-data/networks/links/link_id_56280,56280
16954171976,1820346,/home/mwbc/ped-transit-data/networks/links/link_id_56301,56301
16952351630,0,/home/mwbc/ped-transit-data/networks/links/link_id_56319,56319
16952351630,0,/home/mwbc/ped-transit-data/networks/links/link_id_56508,56508
16952353752,2122,/home/mwbc/ped-transit-data/networks/links/link_id_56512,56512
16955837464,3485834,/home/mwbc/ped-transit-data/networks/links/link_id_56517,56517
16952352400,770,/home/mwbc/ped-transit-data/networks/links/link_id_56666,56666
16952351630,0,/home/mwbc/ped-transit-data/networks/links/link_id_56805,56805
16952351630,0,/home/mwbc/ped-transit-data/networks/links/link_id_56855,56855
16952520205,168575,/home/mwbc/ped-transit-data/networks/links/link_id_56932,56932
16952351630,0,/home/mwbc/ped-transit-data/networks/links/link_id_56973,56973
16952351630,0,/home/mwbc/ped-transit-data/networks/links/link_id_56975,56975
16952351630,0,/home/mwbc/ped-transit-data/networks/links/link_id_57058,57058
16952351630,0,/home/mwbc/ped-transit-data/networks/links/link_id_57172,57172
16952351630,0,/home/mwbc/ped-transit-data/networks/links/link_id_5726,5726
16952351630,0,/home/mwbc/ped-transit-data/networks/links/link_id_57363,57363
16952351630,0,/home/mwbc/ped-transit-data/networks/links/link_id_57388,57388
16952536328,184698,/home/mwbc/ped-transit-data/networks/links/link_id_57471,57471
16952350200,-1430,/home/mwbc/ped-transit-data/networks/links/link_id_57672,57672
16952351630,0,/home/mwbc/ped-transit-data/networks/links/link_id_57724,57724
16952351630,0,/home/mwbc/ped-transit-data/networks/links/link_id_57749,57749
16952351630,0,/home/mwbc/ped-transit-data/networks/links/link_id_5790,5790
16952351630,0,/home/mwbc/ped-transit-data/networks/links/link_id_57907,57907
16953625267,1273637,/home/mwbc/ped-transit-data/networks/links/link_id_57917,57917
16952413897,62267,/home/mwbc/ped-transit-data/networks/links/link_id_57957,57957
16957712641,5361011,/home/mwbc/ped-transit-data/networks/links/link_id_57991,57991
16952397824,46194,/home/mwbc/ped-transit-data/networks/links/link_id_58011,58011
16952351630,0,/home/mwbc/ped-transit-data/networks/links/link_id_58021,58021
16952351630,0,/home/mwbc/ped-transit-data/networks/links/link_id_58045,58045
16952754228,402598,/home/mwbc/ped-transit-data/networks/links/link_id_58092,58092
16952397484,45854,/home/mwbc/ped-transit-data/networks/links/link_id_58302,58302
16952351630,0,/home/mwbc/ped-transit-data/networks/links/link_id_58356,58356
16952351630,0,/home/mwbc/ped-transit-data/networks/links/link_id_5838,5838
16952351630,0,/home/mwbc/ped-transit-data/networks/links/link_id_58407,58407
17131064734,178713104,/home/mwbc/ped-transit-data/networks/links/link_id_58409,58409
16952351630,0,/home/mwbc/ped-transit-data/networks/links/link_id_58414,58414
16952351630,0,/home/mwbc/ped-transit-data/networks/links/link_id_58617,58617
16952351630,0,/home/mwbc/ped-transit-data/networks/links/link_id_5862,5862
16952351630,0,/home/mwbc/ped-transit-data/networks/links/link_id_58695,58695
16952351630,0,/home/mwbc/ped-transit-data/networks/links/link_id_58714,58714
16952351630,0,/home/mwbc/ped-transit-data/networks/links/link_id_58737,58737
16952351630,0,/home/mwbc/ped-transit-data/networks/links/link_id_58872,58872
16954741190,2389560,/home/mwbc/ped-transit-data/networks/links/link_id_58924,58924
16952351630,0,/home/mwbc/ped-transit-data/networks/links/link_id_58952,58952
16952351630,0,/home/mwbc/ped-transit-data/networks/links/link_id_59052,59052
16952351630,0,/home/mwbc/ped-transit-data/networks/links/link_id_59162,59162
16954872520,2520890,/home/mwbc/ped-transit-data/networks/links/link_id_59164,59164
16952351630,0,/home/mwbc/ped-transit-data/networks/links/link_id_59238,59238
16952522409,170779,/home/mwbc/ped-transit-data/networks/links/link_id_59253,59253
16952351630,0,/home/mwbc/ped-transit-data/networks/links/link_id_59276,59276
16952351630,0,/home/mwbc/ped-transit-data/networks/links/link_id_59277,59277
16952351630,0,/home/mwbc/ped-transit-data/networks/links/link_id_59282,59282
16952351630,0,/home/mwbc/ped-transit-data/networks/links/link_id_59298,59298
16952351630,0,/home/mwbc/ped-transit-data/networks/links/link_id_59405,59405
16952351630,0,/home/mwbc/ped-transit-data/networks/links/link_id_59428,59428
16952761907,410277,/home/mwbc/ped-transit-data/networks/links/link_id_59535,59535
16952351630,0,/home/mwbc/ped-transit-data/networks/links/link_id_59555,59555
16952351630,0,/home/mwbc/ped-transit-data/networks/links/link_id_59597,59597
16952351630,0,/home/mwbc/ped-transit-data/networks/links/link_id_59658,59658
16952351630,0,/home/mwbc/ped-transit-data/networks/links/link_id_59689,59689
16952351630,0,/home/mwbc/ped-transit-data/networks/links/link_id_59694,59694
16952378298,26668,/home/mwbc/ped-transit-data/networks/links/link_id_59719,59719
16952351630,0,/home/mwbc/ped-transit-data/networks/links/link_id_59741,59741
16952351630,0,/home/mwbc/ped-transit-data/networks/links/link_id_59896,59896
16955724641,3373011,/home/mwbc/ped-transit-data/networks/links/link_id_59976,59976
16952351684,54,/home/mwbc/ped-transit-data/networks/links/link_id_60124,60124
16952351630,0,/home/mwbc/ped-transit-data/networks/links/link_id_6021,6021
16952491315,139685,/home/mwbc/ped-transit-data/networks/links/link_id_60233,60233
16952351630,0,/home/mwbc/ped-transit-data/networks/links/link_id_60267,60267
16952573583,221953,/home/mwbc/ped-transit-data/networks/links/link_id_60271,60271
16952351630,0,/home/mwbc/ped-transit-data/networks/links/link_id_60321,60321
16952365129,13499,/home/mwbc/ped-transit-data/networks/links/link_id_60492,60492
16952351630,0,/home/mwbc/ped-transit-data/networks/links/link_id_60514,60514
16952351630,0,/home/mwbc/ped-transit-data/networks/links/link_id_60543,60543
16953952403,1600773,/home/mwbc/ped-transit-data/networks/links/link_id_6061,6061
16952416878,65248,/home/mwbc/ped-transit-data/networks/links/link_id_60650,60650
16952353144,1514,/home/mwbc/ped-transit-data/networks/links/link_id_60672,60672
16952360010,8380,/home/mwbc/ped-transit-data/networks/links/link_id_60820,60820
16952351630,0,/home/mwbc/ped-transit-data/networks/links/link_id_60822,60822
16957236002,4884372,/home/mwbc/ped-transit-data/networks/links/link_id_60925,60925
16952351630,0,/home/mwbc/ped-transit-data/networks/links/link_id_60974,60974
16952810432,458802,/home/mwbc/ped-transit-data/networks/links/link_id_6102,6102
16952853530,501900,/home/mwbc/ped-transit-data/networks/links/link_id_61107,61107
16953073531,721901,/home/mwbc/ped-transit-data/networks/links/link_id_61144,61144
16952351630,0,/home/mwbc/ped-transit-data/networks/links/link_id_61194,61194
16952351630,0,/home/mwbc/ped-transit-data/networks/links/link_id_61264,61264
16952485376,133746,/home/mwbc/ped-transit-data/networks/links/link_id_61300,61300
16952351630,0,/home/mwbc/ped-transit-data/networks/links/link_id_61438,61438
16952351630,0,/home/mwbc/ped-transit-data/networks/links/link_id_61449,61449
16952351630,0,/home/mwbc/ped-transit-data/networks/links/link_id_61740,61740
16953206336,854706,/home/mwbc/ped-transit-data/networks/links/link_id_61805,61805
16952351630,0,/home/mwbc/ped-transit-data/networks/links/link_id_61836,61836
16952351630,0,/home/mwbc/ped-transit-data/networks/links/link_id_61932,61932
16952351630,0,/home/mwbc/ped-transit-data/networks/links/link_id_61978,61978
16952351630,0,/home/mwbc/ped-transit-data/networks/links/link_id_62003,62003
16952375988,24358,/home/mwbc/ped-transit-data/networks/links/link_id_62008,62008
16953696656,1345026,/home/mwbc/ped-transit-data/networks/links/link_id_62030,62030
16952351630,0,/home/mwbc/ped-transit-data/networks/links/link_id_62157,62157
16952351630,0,/home/mwbc/ped-transit-data/networks/links/link_id_62159,62159
16952351630,0,/home/mwbc/ped-transit-data/networks/links/link_id_62186,62186
16952351630,0,/home/mwbc/ped-transit-data/networks/links/link_id_62198,62198
16952351630,0,/home/mwbc/ped-transit-data/networks/links/link_id_62280,62280
16952441668,90038,/home/mwbc/ped-transit-data/networks/links/link_id_62287,62287
16952351630,0,/home/mwbc/ped-transit-data/networks/links/link_id_62324,62324
16952351630,0,/home/mwbc/ped-transit-data/networks/links/link_id_62401,62401
16952351630,0,/home/mwbc/ped-transit-data/networks/links/link_id_62417,62417
16953153368,801738,/home/mwbc/ped-transit-data/networks/links/link_id_62437,62437
16952351630,0,/home/mwbc/ped-transit-data/networks/links/link_id_62495,62495
16952351630,0,/home/mwbc/ped-transit-data/networks/links/link_id_62520,62520
16952351630,0,/home/mwbc/ped-transit-data/networks/links/link_id_62616,62616
16952351630,0,/home/mwbc/ped-transit-data/networks/links/link_id_62674,62674
16952410288,58658,/home/mwbc/ped-transit-data/networks/links/link_id_62713,62713
16954188329,1836699,/home/mwbc/ped-transit-data/networks/links/link_id_62930,62930
16952351630,0,/home/mwbc/ped-transit-data/networks/links/link_id_63089,63089
16952351630,0,/home/mwbc/ped-transit-data/networks/links/link_id_63137,63137
16952351630,0,/home/mwbc/ped-transit-data/networks/links/link_id_6316,6316
16969568452,17216822,/home/mwbc/ped-transit-data/networks/links/link_id_6317,6317
16953364922,1013292,/home/mwbc/ped-transit-data/networks/links/link_id_63191,63191
16966202133,13850503,/home/mwbc/ped-transit-data/networks/links/link_id_63194,63194
16952352166,536,/home/mwbc/ped-transit-data/networks/links/link_id_63298,63298
16952351630,0,/home/mwbc/ped-transit-data/networks/links/link_id_63328,63328
16952351630,0,/home/mwbc/ped-transit-data/networks/links/link_id_63493,63493
16952351630,0,/home/mwbc/ped-transit-data/networks/links/link_id_63519,63519
16967128657,14777027,/home/mwbc/ped-transit-data/networks/links/link_id_63538,63538
16952351630,0,/home/mwbc/ped-transit-data/networks/links/link_id_63610,63610
16952441748,90118,/home/mwbc/ped-transit-data/networks/links/link_id_63666,63666
16952351630,0,/home/mwbc/ped-transit-data/networks/links/link_id_63691,63691
16952351630,0,/home/mwbc/ped-transit-data/networks/links/link_id_63714,63714
16955424564,3072934,/home/mwbc/ped-transit-data/networks/links/link_id_63875,63875
16952351630,0,/home/mwbc/ped-transit-data/networks/links/link_id_63976,63976
16952351630,0,/home/mwbc/ped-transit-data/networks/links/link_id_63983,63983
16952351630,0,/home/mwbc/ped-transit-data/networks/links/link_id_64045,64045
16952351630,0,/home/mwbc/ped-transit-data/networks/links/link_id_64100,64100
16952351630,0,/home/mwbc/ped-transit-data/networks/links/link_id_6411,6411
16952849811,498181,/home/mwbc/ped-transit-data/networks/links/link_id_64148,64148
16952713107,361477,/home/mwbc/ped-transit-data/networks/links/link_id_64164,64164
16952384108,32478,/home/mwbc/ped-transit-data/networks/links/link_id_64189,64189
16952413347,61717,/home/mwbc/ped-transit-data/networks/links/link_id_64356,64356
16952351630,0,/home/mwbc/ped-transit-data/networks/links/link_id_64389,64389
16952351630,0,/home/mwbc/ped-transit-data/networks/links/link_id_64500,64500
16952351630,0,/home/mwbc/ped-transit-data/networks/links/link_id_64539,64539
16952351630,0,/home/mwbc/ped-transit-data/networks/links/link_id_64578,64578
16952351630,0,/home/mwbc/ped-transit-data/networks/links/link_id_64645,64645
16954158401,1806771,/home/mwbc/ped-transit-data/networks/links/link_id_64672,64672
16956835270,4483640,/home/mwbc/ped-transit-data/networks/links/link_id_64886,64886
16952351630,0,/home/mwbc/ped-transit-data/networks/links/link_id_64896,64896
16952351630,0,/home/mwbc/ped-transit-data/networks/links/link_id_64899,64899
16952461637,110007,/home/mwbc/ped-transit-data/networks/links/link_id_65041,65041
16954024550,1672920,/home/mwbc/ped-transit-data/networks/links/link_id_65142,65142
16952429996,78366,/home/mwbc/ped-transit-data/networks/links/link_id_65323,65323
16953595904,1244274,/home/mwbc/ped-transit-data/networks/links/link_id_65417,65417
16957593191,5241561,/home/mwbc/ped-transit-data/networks/links/link_id_65489,65489
16952415574,63944,/home/mwbc/ped-transit-data/networks/links/link_id_65569,65569
16952412937,61307,/home/mwbc/ped-transit-data/networks/links/link_id_65631,65631
16952351990,360,/home/mwbc/ped-transit-data/networks/links/link_id_65743,65743
16952707745,356115,/home/mwbc/ped-transit-data/networks/links/link_id_65761,65761
16952351630,0,/home/mwbc/ped-transit-data/networks/links/link_id_65796,65796
16952351630,0,/home/mwbc/ped-transit-data/networks/links/link_id_6585,6585
16953727107,1375477,/home/mwbc/ped-transit-data/networks/links/link_id_66193,66193
16952351630,0,/home/mwbc/ped-transit-data/networks/links/link_id_66283,66283
16952351630,0,/home/mwbc/ped-transit-data/networks/links/link_id_66451,66451
16954800872,2449242,/home/mwbc/ped-transit-data/networks/links/link_id_66577,66577
16952837779,486149,/home/mwbc/ped-transit-data/networks/links/link_id_66673,66673
16952351630,0,/home/mwbc/ped-transit-data/networks/links/link_id_66769,66769
16952351630,0,/home/mwbc/ped-transit-data/networks/links/link_id_66790,66790
16952351630,0,/home/mwbc/ped-transit-data/networks/links/link_id_66857,66857
16952351630,0,/home/mwbc/ped-transit-data/networks/links/link_id_66876,66876
16952351630,0,/home/mwbc/ped-transit-data/networks/links/link_id_66905,66905
16952718660,367030,/home/mwbc/ped-transit-data/networks/links/link_id_67085,67085
16952351630,0,/home/mwbc/ped-transit-data/networks/links/link_id_67086,67086
16952351630,0,/home/mwbc/ped-transit-data/networks/links/link_id_67307,67307
16953446767,1095137,/home/mwbc/ped-transit-data/networks/links/link_id_67372,67372
16952351630,0,/home/mwbc/ped-transit-data/networks/links/link_id_67518,67518
16952830876,479246,/home/mwbc/ped-transit-data/networks/links/link_id_67519,67519
16952522790,171160,/home/mwbc/ped-transit-data/networks/links/link_id_67574,67574
16956205668,3854038,/home/mwbc/ped-transit-data/networks/links/link_id_67593,67593
16952353694,2064,/home/mwbc/ped-transit-data/networks/links/link_id_67699,67699
16952351650,20,/home/mwbc/ped-transit-data/networks/links/link_id_67779,67779
16952351630,0,/home/mwbc/ped-transit-data/networks/links/link_id_67782,67782
16952408456,56826,/home/mwbc/ped-transit-data/networks/links/link_id_67784,67784
16952361213,9583,/home/mwbc/ped-transit-data/networks/links/link_id_67833,67833
16952351630,0,/home/mwbc/ped-transit-data/networks/links/link_id_6791,6791
16953338569,986939,/home/mwbc/ped-transit-data/networks/links/link_id_67982,67982
16952515043,163413,/home/mwbc/ped-transit-data/networks/links/link_id_68053,68053
16952351630,0,/home/mwbc/ped-transit-data/networks/links/link_id_6812,6812
16952351630,0,/home/mwbc/ped-transit-data/networks/links/link_id_68152,68152
16952351630,0,/home/mwbc/ped-transit-data/networks/links/link_id_68153,68153
16952351630,0,/home/mwbc/ped-transit-data/networks/links/link_id_68472,68472
16952351630,0,/home/mwbc/ped-transit-data/networks/links/link_id_68507,68507
16952867239,515609,/home/mwbc/ped-transit-data/networks/links/link_id_68545,68545
16952351630,0,/home/mwbc/ped-transit-data/networks/links/link_id_68563,68563
16952381440,29810,/home/mwbc/ped-transit-data/networks/links/link_id_68615,68615
16952849273,497643,/home/mwbc/ped-transit-data/networks/links/link_id_68639,68639
16952351630,0,/home/mwbc/ped-transit-data/networks/links/link_id_68786,68786
16953311512,959882,/home/mwbc/ped-transit-data/networks/links/link_id_68835,68835
16952351630,0,/home/mwbc/ped-transit-data/networks/links/link_id_68964,68964
16952351630,0,/home/mwbc/ped-transit-data/networks/links/link_id_69158,69158
16954864015,2512385,/home/mwbc/ped-transit-data/networks/links/link_id_7092,7092
16952831465,479835,/home/mwbc/ped-transit-data/networks/links/link_id_7098,7098
16952351630,0,/home/mwbc/ped-transit-data/networks/links/link_id_7140,7140
16952351630,0,/home/mwbc/ped-transit-data/networks/links/link_id_7186,7186
16952351630,0,/home/mwbc/ped-transit-data/networks/links/link_id_7206,7206
16952351814,184,/home/mwbc/ped-transit-data/networks/links/link_id_725,725
16952351630,0,/home/mwbc/ped-transit-data/networks/links/link_id_7348,7348
16952752268,400638,/home/mwbc/ped-transit-data/networks/links/link_id_7401,7401
16952351630,0,/home/mwbc/ped-transit-data/networks/links/link_id_7426,7426
16953929225,1577595,/home/mwbc/ped-transit-data/networks/links/link_id_7428,7428
16952624406,272776,/home/mwbc/ped-transit-data/networks/links/link_id_745,745
16952351630,0,/home/mwbc/ped-transit-data/networks/links/link_id_7471,7471
16952351630,0,/home/mwbc/ped-transit-data/networks/links/link_id_7492,7492
16958487814,6136184,/home/mwbc/ped-transit-data/networks/links/link_id_7503,7503
16952351630,0,/home/mwbc/ped-transit-data/networks/links/link_id_7532,7532
16952351630,0,/home/mwbc/ped-transit-data/networks/links/link_id_7660,7660
16952351630,0,/home/mwbc/ped-transit-data/networks/links/link_id_7747,7747
16952351630,0,/home/mwbc/ped-transit-data/networks/links/link_id_7786,7786
16952351630,0,/home/mwbc/ped-transit-data/networks/links/link_id_7802,7802
16952351630,0,/home/mwbc/ped-transit-data/networks/links/link_id_7862,7862
16952351630,0,/home/mwbc/ped-transit-data/networks/links/link_id_7985,7985
16957447229,5095599,/home/mwbc/ped-transit-data/networks/links/link_id_8045,8045
16953362581,1010951,/home/mwbc/ped-transit-data/networks/links/link_id_8053,8053
16952475186,123556,/home/mwbc/ped-transit-data/networks/links/link_id_8057,8057
16952908085,556455,/home/mwbc/ped-transit-data/networks/links/link_id_8075,8075
16952351630,0,/home/mwbc/ped-transit-data/networks/links/link_id_8087,8087
16952351630,0,/home/mwbc/ped-transit-data/networks/links/link_id_8140,8140
16952462518,110888,/home/mwbc/ped-transit-data/networks/links/link_id_8172,8172
16953185726,834096,/home/mwbc/ped-transit-data/networks/links/link_id_8264,8264
16952351630,0,/home/mwbc/ped-transit-data/networks/links/link_id_8278,8278
16952351630,0,/home/mwbc/ped-transit-data/networks/links/link_id_8330,8330
16952759872,408242,/home/mwbc/ped-transit-data/networks/links/link_id_8421,8421
16952351630,0,/home/mwbc/ped-transit-data/networks/links/link_id_8457,8457
16952351630,0,/home/mwbc/ped-transit-data/networks/links/link_id_8460,8460
16952351630,0,/home/mwbc/ped-transit-data/networks/links/link_id_8464,8464
16952348671,-2959,/home/mwbc/ped-transit-data/networks/links/link_id_8525,8525
16952351630,0,/home/mwbc/ped-transit-data/networks/links/link_id_8526,8526
16953528872,1177242,/home/mwbc/ped-transit-data/networks/links/link_id_8599,8599
16952351630,0,/home/mwbc/ped-transit-data/networks/links/link_id_8648,8648
16953173057,821427,/home/mwbc/ped-transit-data/networks/links/link_id_8762,8762
16952526498,174868,/home/mwbc/ped-transit-data/networks/links/link_id_8841,8841
16952351630,0,/home/mwbc/ped-transit-data/networks/links/link_id_8848,8848
16952351630,0,/home/mwbc/ped-transit-data/networks/links/link_id_8926,8926
16952351630,0,/home/mwbc/ped-transit-data/networks/links/link_id_9119,9119
16952351630,0,/home/mwbc/ped-transit-data/networks/links/link_id_9140,9140
16952355129,3499,/home/mwbc/ped-transit-data/networks/links/link_id_9212,9212
16952351630,0,/home/mwbc/ped-transit-data/networks/links/link_id_9238,9238
16952351630,0,/home/mwbc/ped-transit-data/networks/links/link_id_9287,9287
16952351630,0,/home/mwbc/ped-transit-data/networks/links/link_id_9307,9307
16952351630,0,/home/mwbc/ped-transit-data/networks/links/link_id_9319,9319
16952351630,0,/home/mwbc/ped-transit-data/networks/links/link_id_940,940
16952351630,0,/home/mwbc/ped-transit-data/networks/links/link_id_9471,9471
16955734628,3382998,/home/mwbc/ped-transit-data/networks/links/link_id_9524,9524
16952351280,-350,/home/mwbc/ped-transit-data/networks/links/link_id_9630,9630
16954135462,1783832,/home/mwbc/ped-transit-data/networks/links/link_id_9688,9688
16952940662,589032,/home/mwbc/ped-transit-data/networks/links/link_id_9728,9728
16952351630,0,/home/mwbc/ped-transit-data/networks/links/link_id_9739,9739
16952351630,0,/home/mwbc/ped-transit-data/networks/links/link_id_9835,9835
16952586752,235122,/home/mwbc/ped-transit-data/networks/links/link_id_9853,9853
16952437903,86273,/home/mwbc/ped-transit-data/networks/links/link_id_9926,9926
16952803450,451820,/home/mwbc/ped-transit-data/networks/links/link_id_9945,9945
16969357170,17005540,/home/mwbc/ped-transit-data/networks/links/link_id_9950,9950
